0.001 1.5e-05
0.00150001 1.49999e-05
0.00349981 1.49958e-05
0.00813686 1.49153e-05
0.0127843 1.41715e-05
0.0149754 1.29614e-05
0.0173317 1.09111e-05
0.0194808 9.00792e-06
0.0225287 6.68518e-06
0.0265394 4.22099e-06
0.0350492 0
0.0350492 0
0.043559 4.22099e-06
0.0486019 7.01291e-06
0.0590528 1.28148e-05
0.0733829 2.09058e-05
0.0832556 2.73794e-05
0.0894096 3.3873e-05
0.0938646 4.24028e-05
0.0964178 4.7933e-05
0.0977596 4.43832e-05
0.0980198 3.01002e-05
0.0973383 8.72799e-06
0.0969448 2.21458e-06
0.0967866 0
0.0967866 0
0.0966285 2.21458e-06
0.0953155 1.63055e-05
0.0924786 3.27314e-05
0.0880869 4.91982e-05
0.0816571 7.18422e-05
0.0736967 0.000101527
0.0648509 0.000135668
0.053421 0.000180438
0.0411865 0.000230493
0.0313483 0.000283821
0.023555 0.000371436
0.0203572 0.000470135
0.0198472 0.000563195
0.022041 0.000633657
0.0271114 0.000751245
0.0341062 0.000936203
0.041986 0.00117655
0.0526372 0.00152637
0.06434 0.00192029
0.0748106 0.00228822
0.0840072 0.00270221
0.0897365 0.0031849
0.093791 0.00388205
0.0952996 0.00425958
0.0959296 0.00433604
0.0957959 0.00403014
0.0944986 0.00317126
0.0917829 0.00207068
0.0876797 0.000990004
0.0848596 0.000400244
0.0837023 0.000173879
0.0831572 6.92307e-05
0.0828618 1.29576e-05
0.0828155 4.1653e-06
0.0827936 0
0.0827936 0
0.0827716 4.1653e-06
0.0825397 4.81276e-05
0.0816976 0.000206574
0.0801244 0.000498728
0.0765297 0.00115624
0.0685542 0.00260388
0.0583208 0.00446676
0.0443594 0.00704416
0.0384376 0.00820533
0.0337561 0.00924437
0.0308065 0.010038
0.0284505 0.0108347
0.0263183 0.0117359
0.0240402 0.012926
0.0214381 0.0147233
0.0203402 0.0157515
0.0200002 0.0161357

0.001 4.5e-05
0.00150001 4.49997e-05
0.00350002 4.49894e-05
0.00813694 4.47865e-05
0.0127843 4.29284e-05
0.0149744 3.97707e-05
0.0173265 3.39253e-05
0.0194564 2.79004e-05
0.0226921 2.00811e-05
0.0272709 1.15769e-05
0.0331082 2.60142e-06
0.0349166 0
0.0349166 0
0.036725 2.60142e-06
0.0443813 1.361e-05
0.0567992 3.14154e-05
0.0704227 5.11091e-05
0.0815917 6.85066e-05
0.0877164 8.12066e-05
0.0930286 9.8189e-05
0.097914 0.000114266
0.101154 0.000113917
0.105195 0.000105271
0.110677 9.48542e-05
0.116916 8.66285e-05
0.126616 7.64377e-05
0.138559 6.47413e-05
0.155021 4.87792e-05
0.18177 2.28607e-05
0.195706 9.35754e-06
0.204416 9.18044e-07
0.205364 1.05879e-22
0.205364 1.05879e-22
0.206311 9.18044e-07
0.249862 4.31155e-05
0.295549 8.73847e-05
0.311086 0.000102459
0.327038 0.000118351
0.337394 0.000131015
0.347341 0.000150909
0.355473 0.000173802
0.363693 0.00019452
0.370892 0.000198142
0.377462 0.000188649
0.386832 0.000164403
0.398633 0.000127419
0.414971 7.28591e-05
0.42685 3.24793e-05
0.434105 7.71509e-06
0.436044 1.09092e-06
0.436363 0
0.436363 0
0.436683 1.09092e-06
0.44637 3.421e-05
0.483032 0.000159649
0.497511 0.000209185
0.499471 0.00021589
0.4995 0.000215989

0.001 7.5e-05
0.00150001 7.49995e-05
0.00350023 7.49831e-05
0.00813925 7.46573e-05
0.0127863 7.16818e-05
0.0149756 6.65747e-05
0.0173358 5.68885e-05
0.0194821 4.66503e-05
0.0225174 3.42119e-05
0.0265546 2.13511e-05
0.0319155 7.20947e-06
0.0336528 2.95754e-06
0.0348825 0
0.0348825 0
0.0361121 2.95754e-06
0.040414 1.3273e-05
0.0487699 3.31454e-05
0.0597372 5.92761e-05
0.0724093 8.98005e-05
0.0851408 0.000124925
0.0905847 0.000148253
0.0951357 0.00017576
0.0987347 0.000190557
0.102237 0.000186401
0.10599 0.000174299
0.112477 0.000158304
0.119379 0.00014715
0.131412 0.000131466
0.144876 0.000114799
0.164771 9.02903e-05
0.200171 4.66931e-05
0.222337 1.93948e-05
0.236191 2.33332e-06
0.238085 0
0.238085 0
0.23998 2.33332e-06
0.294099 6.89849e-05
0.313267 9.26189e-05
0.328443 0.000111814
0.338807 0.000127648
0.348212 0.000149352
0.355988 0.000172874
0.364366 0.000195618
0.371925 0.000203176
0.379445 0.000199734
0.389813 0.000187392
0.403558 0.000166787
0.423258 0.000135076
0.452689 8.66727e-05
0.497178 1.31874e-05
0.499368 9.57015e-06
0.4995 9.3513e-06

0.001 0.000105
0.00150001 0.000104999
0.00350044 0.000104977
0.00814284 0.000104527
0.0127896 0.00010043
0.0149779 9.33692e-05
0.0173539 7.97547e-05
0.0195448 6.50607e-05
0.0223363 4.88909e-05
0.0266461 2.95465e-05
0.0320797 9.496e-06
0.0338513 3.42504e-06
0.0348669 0
0.0348669 0
0.0358824 3.42504e-06
0.0405189 1.8978e-05
0.0504654 5.20588e-05
0.0619584 9.03794e-05
0.0733877 0.000129009
0.085437 0.000176139
0.0916382 0.000215335
0.09571 0.000250117
0.0990278 0.00026656
0.1024 0.000260208
0.106013 0.000244672
0.11215 0.00022449
0.118831 0.000210267
0.130927 0.000190139
0.144251 0.000169317
0.163846 0.00013888
0.1984 8.52251e-05
0.240908 1.922e-05
0.24755 8.90671e-06
0.251701 2.4609e-06
0.253286 0
0.253286 0
0.254871 2.4609e-06
0.275626 3.469e-05
0.2935 6.24447e-05
0.311111 8.98077e-05
0.328176 0.000116814
0.339099 0.000137241
0.348943 0.000164451
0.356994 0.00019301
0.365719 0.00021956
0.373094 0.000228433
0.381156 0.000227377
0.392241 0.000218811
0.407219 0.00020338
0.429033 0.000178917
0.461969 0.000141063
0.487091 0.000112064
0.495267 0.000102622
0.497821 9.9671e-05
0.499418 9.78268e-05
0.4995 9.77324e-05

0.001 0.000135
0.00150001 0.000134999
0.00350065 0.00013497
0.00814643 0.000134397
0.0127929 0.000129174
0.0149803 0.000120157
0.0173729 0.000102542
0.0199032 8.08085e-05
0.0232108 5.73004e-05
0.0293371 2.47502e-05
0.0332734 6.88947e-06
0.0341941 2.86489e-06
0.0348548 0
0.0348548 0
0.0355155 2.86489e-06
0.0374189 1.10953e-05
0.0418273 2.99463e-05
0.048766 5.94819e-05
0.0597853 0.000106482
0.0725209 0.000161398
0.0852822 0.000224478
0.091282 0.000271692
0.0950951 0.000312926
0.0982284 0.000338045
0.101661 0.000336736
0.105358 0.000318656
0.111441 0.000294197
0.118034 0.0002779
0.130572 0.000255342
0.143739 0.000233582
0.163084 0.000201871
0.196998 0.000146304
0.27929 1.14718e-05
0.284212 3.40664e-06
0.286291 0
0.286291 0
0.288371 3.40664e-06
0.31298 4.37407e-05
0.328417 6.93402e-05
0.338899 8.86363e-05
0.348432 0.000111911
0.356365 0.000136304
0.365387 0.000162917
0.373092 0.000177017
0.38155 0.000185184
0.39311 0.000191672
0.40883 0.000197997
0.432054 0.000206006
0.467497 0.000217565
0.494856 0.000226387
0.499375 0.000227841
0.4995 0.000227882

0.001 0.000165
0.00150001 0.000164999
0.00350086 0.000164964
0.00815004 0.000164266
0.0127961 0.000157914
0.0149827 0.000146937
0.0173928 0.000125244
0.0199019 9.88512e-05
0.0231744 7.03401e-05
0.029285 3.05494e-05
0.0332005 8.79154e-06
0.0340931 4.01404e-06
0.0348495 0
0.0348495 0
0.0356059 4.01404e-06
0.0373829 1.34268e-05
0.0440315 4.82101e-05
0.0545904 0.000103307
0.0672523 0.000169707
0.0780529 0.000228386
0.0853459 0.000275593
0.0916486 0.00033757
0.0955752 0.000389882
0.0987997 0.000416784
0.101967 0.000410886
0.105316 0.000389921
0.110418 0.000362951
0.116712 0.000341574
0.12604 0.000318749
0.138153 0.000292366
0.154505 0.000257408
0.181038 0.00020077
0.236043 8.33602e-05
0.260728 3.06699e-05
0.268442 1.42042e-05
0.273263 3.91312e-06
0.275096 0
0.275096 0
0.276929 3.91312e-06
0.301035 5.53696e-05
0.320844 9.77648e-05
0.332813 0.000124447
0.346521 0.000164887
0.357459 0.000210958
0.366293 0.000244736
0.373712 0.00025968
0.382399 0.000266269
0.394112 0.000268339
0.410205 0.000267581
0.433997 0.000264561
0.47024 0.000259071
0.498221 0.000254709
0.499376 0.000254528
0.4995 0.000254509

0.001 0.000195
0.00150001 0.000194999
0.00350107 0.000194958
0.00815367 0.000194135
0.0127994 0.00018665
0.0149851 0.000173711
0.0174136 0.000147855
0.0199658 0.000116129
0.0233021 8.20099e-05
0.0294516 3.49728e-05
0.0336923 7.26879e-06
0.0346154 1.45901e-06
0.0348485 0
0.0348485 0
0.0350816 1.45901e-06
0.0368659 1.25691e-05
0.0419283 4.36778e-05
0.0506337 9.68967e-05
0.0623066 0.00016845
0.0735673 0.000238437
0.0853323 0.000322654
0.0916586 0.000394842
0.0955969 0.000455316
0.0988558 0.000486815
0.102105 0.000481237
0.105731 0.000457977
0.110766 0.00043191
0.116976 0.000412256
0.128763 0.00038757
0.141446 0.000364354
0.159591 0.000331644
0.190359 0.000276238
0.260359 0.000150189
0.288294 9.98855e-05
0.313187 5.50755e-05
0.328183 2.81761e-05
0.338587 9.56667e-06
0.343517 4.44941e-07
0.34375 5.29396e-23
0.34375 5.29396e-23
0.343983 4.44941e-07
0.352294 1.75982e-05
0.362484 4.30367e-05
0.371368 6.66157e-05
0.379427 8.69034e-05
0.390938 0.000114657
0.406157 0.000150543
0.428863 0.00020353
0.463843 0.000284764
0.491105 0.000347988
0.495641 0.000358504
0.498476 0.000365077
0.499362 0.00036713
0.4995 0.00036745

0.001 0.000225
0.00150001 0.000224998
0.00350128 0.000224951
0.0081573 0.000224003
0.0128027 0.000215382
0.0149875 0.000200478
0.0174355 0.000170367
0.0199355 0.000134449
0.0231888 9.58096e-05
0.0292953 4.15664e-05
0.0332192 1.18128e-05
0.0341119 5.29341e-06
0.0345445 2.15546e-06
0.0348427 0
0.0348427 0
0.0351409 2.15546e-06
0.0364028 1.12482e-05
0.0388532 2.87361e-05
0.0439724 6.49655e-05
0.0529504 0.000128416
0.0650073 0.00021394
0.0759027 0.00029297
0.0848138 0.000367754
0.090862 0.000443533
0.0949912 0.000516123
0.0984182 0.000560644
0.102067 0.000556244
0.105942 0.000526945
0.112405 0.000490331
0.119254 0.000467577
0.131367 0.000438262
0.144888 0.000408191
0.164908 0.000364041
0.200637 0.000285288
0.29069 8.67929e-05
0.314805 3.36496e-05
0.327963 4.65476e-06
0.330067 0
0.330067 0
0.33217 4.65476e-06
0.346083 3.75871e-05
0.357375 7.14489e-05
0.36691 0.000103045
0.375097 0.000127164
0.385079 0.000153302
0.398212 0.00018572
0.41681 0.000230508
0.44524 0.000298263
0.489343 0.000402972
0.498162 0.000423897
0.4995 0.000427072

0.001 0.000255
0.00150001 0.000254998
0.00350149 0.000254945
0.00816095 0.000253871
0.012806 0.00024411
0.0149899 0.000227238
0.0174586 0.000192773
0.0199585 0.000152055
0.0234305 0.000105776
0.029646 4.39967e-05
0.0322264 2.17151e-05
0.0346883 1.27627e-06
0.0348442 0
0.0348442 0
0.0350001 1.27627e-06
0.0394185 3.70208e-05
0.0487352 0.000111489
0.0599734 0.000201439
0.0725785 0.000303435
0.0853051 0.000421301
0.0913077 0.000509278
0.0951725 0.000586553
0.0983644 0.000632931
0.101819 0.00063088
0.10546 0.000601276
0.110952 0.000564718
0.117453 0.000539226
0.127685 0.000512347
0.140053 0.000484038
0.157441 0.000445025
0.186328 0.000380313
0.249605 0.000238564
0.292103 0.000143365
0.312353 9.80235e-05
0.327817 6.36094e-05
0.338227 4.1018e-05
0.347795 2.01132e-05
0.352029 9.90517e-06
0.35421 4.22461e-06
0.355754 0
0.355754 0
0.357298 4.22461e-06
0.361697 1.65497e-05
0.370018 4.17535e-05
0.377953 6.62213e-05
0.38987 0.000102604
0.405097 0.000148692
0.427908 0.000217403
0.46411 0.000326144
0.492795 0.000412233
0.497642 0.000426778
0.499157 0.000431323
0.4995 0.000432353

0.001 0.000285
0.00150001 0.000284998
0.0035017 0.000284938
0.00816461 0.000283738
0.0128093 0.000272834
0.0149924 0.000253991
0.0178513 0.000208289
0.0204517 0.000161648
0.0237998 0.000113463
0.0289334 5.62205e-05
0.0336455 1.08974e-05
0.0343301 4.581e-06
0.0348294 0
0.0348294 0
0.0353287 4.581e-06
0.036767 1.77427e-05
0.0397492 4.47578e-05
0.046413 0.000104685
0.0578191 0.000207326
0.0720454 0.000336587
0.0858361 0.000481388
0.0912273 0.000572307
0.0951728 0.000661992
0.0984034 0.000714725
0.101891 0.000709235
0.105583 0.00067181
0.111007 0.000627013
0.117429 0.000594051
0.127517 0.000557109
0.139621 0.000517462
0.156785 0.00046215
0.185107 0.000370999
0.246326 0.00017397
0.276917 7.55188e-05
0.288702 3.75895e-05
0.299933 1.44471e-06
0.300382 -2.11758e-22
0.300382 -2.11758e-22
0.300831 1.44471e-06
0.317654 5.56252e-05
0.333402 0.00010745
0.344631 0.000151506
0.354782 0.000204551
0.36381 0.000255696
0.372109 0.000290588
0.38008 0.000312706
0.391369 0.000336275
0.406557 0.000363676
0.428862 0.000401583
0.462906 0.000458197
0.489213 0.00050173
0.497879 0.00051606
0.499233 0.000518299
0.4995 0.00051874

0.001 0.000315
0.00150001 0.000314998
0.00350191 0.000314932
0.00816829 0.000313605
0.0128126 0.000301554
0.0149948 0.000280737
0.0178377 0.000230536
0.0204751 0.000178251
0.0238806 0.000124277
0.0290392 6.09456e-05
0.033804 1.04038e-05
0.0347836 4.42753e-07
0.0348273 5.29396e-23
0.0348273 5.29396e-23
0.034871 4.42753e-07
0.0375833 2.76492e-05
0.0419525 7.09151e-05
0.0504711 0.000154925
0.0619044 0.000267968
0.0733503 0.00038262
0.0855058 0.000523056
0.0916421 0.000636247
0.0956644 0.000735302
0.098991 0.000785377
0.102335 0.000774607
0.105891 0.000739069
0.112309 0.000691636
0.119105 0.000663302
0.130072 0.000631255
0.143128 0.000596962
0.162208 0.000547504
0.195372 0.000461612
0.27476 0.000256006
0.292982 0.000208814
0.311017 0.000162131
0.328683 0.000116882
0.338849 9.24265e-05
0.348164 7.17103e-05
0.356042 5.2028e-05
0.36507 2.17923e-05
0.369315 4.57326e-06
0.370393 0
0.370393 0
0.371471 4.57326e-06
0.378983 3.69429e-05
0.390358 8.69577e-05
0.405475 0.000153619
0.428084 0.000253148
0.462986 0.000406481
0.490296 0.000526363
0.4994 0.000566315
0.4995 0.000566755

0.001 0.000345
0.00150001 0.000344998
0.00350212 0.000344926
0.00817197 0.000343471
0.0128159 0.00033027
0.0149972 0.000307476
0.0178246 0.000252823
0.0205031 0.000194675
0.0239725 0.000134713
0.0291639 6.52225e-05
0.0340005 9.18922e-06
0.0344854 3.7866e-06
0.0348265 -4.23516e-22
0.0348265 -4.23516e-22
0.0351676 3.7866e-06
0.0364022 1.7451e-05
0.038783 4.3556e-05
0.0430205 8.9648e-05
0.0507674 0.000173729
0.0620551 0.000296569
0.0733832 0.000421495
0.0854249 0.000574624
0.0917353 0.000703629
0.0956657 0.000811357
0.0989124 0.000865755
0.102143 0.000853532
0.10621 0.000805104
0.112347 0.000750837
0.119132 0.000714588
0.130401 0.000670024
0.143633 0.000621932
0.162967 0.000552335
0.196838 0.000430481
0.278972 0.000134997
0.298863 6.34361e-05
0.308816 2.76314e-05
0.314709 6.43e-06
0.315999 1.78825e-06
0.316496 0
0.316496 0
0.316993 1.78825e-06
0.321869 1.93527e-05
0.332589 5.84358e-05
0.345846 0.000113327
0.356664 0.000171924
0.366015 0.000225976
0.373904 0.000262633
0.382687 0.000295318
0.394868 0.000335308
0.411612 0.000387297
0.436785 0.000463716
0.475515 0.000580339
0.490668 0.000625895
0.499207 0.00065156
0.4995 0.000652441

0.001 0.000375
0.00150001 0.000374997
0.00350234 0.000374919
0.00817568 0.000373336
0.0128192 0.000358981
0.0149996 0.000334209
0.017812 0.000275147
0.0205366 0.000210883
0.0240775 0.000144691
0.0293108 6.89205e-05
0.0320444 3.39748e-05
0.0345546 3.22623e-06
0.034822 0
0.034822 0
0.0350894 3.22623e-06
0.0391789 5.20497e-05
0.0466899 0.000140652
0.0574992 0.000268211
0.0716046 0.000436147
0.0853211 0.000622229
0.0909631 0.000742787
0.0948171 0.00085616
0.0980779 0.000931649
0.101601 0.000932306
0.105303 0.00088614
0.110096 0.000834326
0.116143 0.000793261
0.124789 0.000753446
0.136222 0.00070859
0.15166 0.00064986
0.176145 0.000556988
0.224676 0.000372929
0.302547 7.76024e-05
0.322001 3.82131e-06
0.323008 0
0.323008 0
0.324014 3.82131e-06
0.33484 4.54475e-05
0.345241 8.9942e-05
0.355043 0.000142151
0.364396 0.000198211
0.372902 0.000242665
0.381214 0.000278805
0.393001 0.000325
0.408979 0.000384705
0.432902 0.000472365
0.469732 0.000606305
0.498463 0.000710602
0.4995 0.000714365

0.001 0.000405
0.00150001 0.000404997
0.00350255 0.000404913
0.00817939 0.000403202
0.0128226 0.000387689
0.015002 0.000360934
0.0177998 0.000297506
0.0204914 0.000228807
0.0239846 0.000157886
0.0291682 7.64263e-05
0.0340401 1.01567e-05
0.0345467 3.53042e-06
0.0348175 0
0.0348175 0
0.0350884 3.53042e-06
0.0367504 2.50938e-05
0.04 6.67846e-05
0.0472205 0.000158763
0.0581173 0.000297707
0.0726338 0.000484745
0.0835358 0.000640939
0.0897456 0.000769192
0.094822 0.000925286
0.0988051 0.00101444
0.102507 0.000996417
0.106484 0.000941136
0.11302 0.000876838
0.120109 0.00083516
0.132248 0.000781163
0.145995 0.000724122
0.166713 0.000638735
0.204265 0.000484026
0.302479 7.94064e-05
0.314753 2.88459e-05
0.319905 7.61726e-06
0.321384 1.51891e-06
0.321752 0
0.321752 0
0.322121 1.51891e-06
0.327805 2.50256e-05
0.338123 6.90607e-05
0.347837 0.000117267
0.355996 0.00016681
0.365317 0.000227707
0.373463 0.000272926
0.382041 0.000312441
0.394064 0.00036234
0.410536 0.000427567
0.435251 0.000523561
0.473311 0.000670326
0.488191 0.000727621
0.496577 0.000759902
0.499198 0.000769989
0.4995 0.000771153

0.001 0.000435
0.00150001 0.000434997
0.00350276 0.000434907
0.00818312 0.000433066
0.0122552 0.000420718
0.0148027 0.000391232
0.0170952 0.000339116
0.0196279 0.000268272
0.0229783 0.000189481
0.0276716 0.000105666
0.0337939 1.45532e-05
0.0343222 7.11845e-06
0.0346376 2.69929e-06
0.0348306 4.23516e-22
0.0348306 4.23516e-22
0.0350236 2.69929e-06
0.036612 2.48018e-05
0.0425502 0.000106263
0.0532823 0.000252776
0.0655366 0.000420734
0.0764942 0.000574722
0.0849993 0.000714047
0.091766 0.000885094
0.095889 0.00102604
0.0992897 0.0010892
0.102562 0.0010668
0.106059 0.00101521
0.112111 0.000948984
0.118845 0.000905059
0.131009 0.000847995
0.144466 0.000790297
0.164254 0.000706222
0.199383 0.000557035
0.286866 0.000185517
0.312601 7.62474e-05
0.327104 1.4689e-05
0.329016 6.55126e-06
0.330356 8.31495e-07
0.330551 0
0.330551 0
0.330745 8.31495e-07
0.33591 2.31177e-05
0.346034 7.06045e-05
0.354904 0.000121039
0.363927 0.000179567
0.372452 0.000231061
0.380581 0.00027409
0.392265 0.000331295
0.407956 0.000405349
0.43151 0.000514794
0.467757 0.000682157
0.496035 0.000812512
0.498394 0.000823382
0.4995 0.00082848

0.001 0.000465
0.00150001 0.000464997
0.00350297 0.0004649
0.00818686 0.00046293
0.012231 0.000449918
0.0148182 0.000417951
0.0170853 0.000362818
0.0196141 0.000287177
0.0229598 0.000202941
0.0276479 0.000113339
0.0337993 1.54432e-05
0.0343267 7.50872e-06
0.034646 2.72521e-06
0.0348283 0
0.0348283 0
0.0350106 2.72521e-06
0.036619 2.66501e-05
0.0424735 0.000112502
0.0517014 0.000247142
0.063351 0.000417638
0.0743884 0.000581823
0.0858835 0.000782091
0.0920245 0.000955174
0.0962051 0.00110702
0.0996704 0.0011654
0.103415 0.00112749
0.107484 0.00106535
0.114257 0.000997922
0.12184 0.00095221
0.134228 0.000893253
0.14897 0.00082669
0.171627 0.000724861
0.214604 0.000531749
0.276841 0.000252089
0.312117 9.36023e-05
0.329697 1.46609e-05
0.331873 4.84637e-06
0.332942 0
0.332942 0
0.334012 4.84637e-06
0.339931 3.21813e-05
0.348436 7.57948e-05
0.356314 0.000123713
0.36574 0.000187015
0.373764 0.000236844
0.38292 0.000288003
0.395493 0.000354263
0.412628 0.000442294
0.438904 0.000575805
0.479643 0.000781911
0.49576 0.000863376
0.498041 0.000874905
0.499466 0.00088211
0.4995 0.00088228

0.001 0.000495
0.00150001 0.000494997
0.00350318 0.000494894
0.00819062 0.000492794
0.0122079 0.00047913
0.014786 0.000445576
0.0170617 0.000386969
0.019583 0.000306641
0.0229201 0.000216912
0.027595 0.000121545
0.0337895 1.64896e-05
0.0343097 8.15589e-06
0.0346212 3.18501e-06
0.0348212 0
0.0348212 0
0.0350213 3.18501e-06
0.0365903 2.80469e-05
0.0407145 9.25841e-05
0.0481434 0.000208047
0.0591133 0.000378807
0.0722609 0.000585544
0.0853684 0.000821369
0.0913875 0.000994159
0.0953062 0.00114744
0.0985293 0.00123457
0.101995 0.00122333
0.105674 0.00116181
0.111137 0.00108906
0.117469 0.00103761
0.128665 0.000974512
0.141233 0.0009115
0.159318 0.000822106
0.189898 0.000671115
0.259171 0.000329067
0.294282 0.000155703
0.315489 5.10062e-05
0.321604 2.08182e-05
0.324995 4.0603e-06
0.325816 0
0.325816 0
0.326636 4.0603e-06
0.337324 5.79346e-05
0.347638 0.000117173
0.356257 0.000177883
0.365401 0.00024803
0.373456 0.000302319
0.382103 0.000352339
0.394244 0.000416815
0.41063 0.000500573
0.435581 0.000626106
0.474078 0.000818598
0.489173 0.000893981
0.497701 0.000936557
0.499033 0.000943209
0.4995 0.00094554

0.001 0.000525
0.00150001 0.000524996
0.00350374 0.000524887
0.00820055 0.000522649
0.0121541 0.000508602
0.0147709 0.000472919
0.0170294 0.000411487
0.019562 0.000325892
0.0229213 0.000229975
0.0276224 0.00012829
0.0338166 1.68976e-05
0.0343399 8.00459e-06
0.0346737 2.35443e-06
0.0348132 0
0.0348132 0
0.0349526 2.35443e-06
0.036635 3.06141e-05
0.0412857 0.0001077
0.0518457 0.000281683
0.0639106 0.000481093
0.0748706 0.000665532
0.0848887 0.000859427
0.0906848 0.00102746
0.0947371 0.00119257
0.0980391 0.00130069
0.101387 0.00130504
0.104886 0.00124614
0.10976 0.00117171
0.115793 0.00111431
0.123994 0.00106225
0.135371 0.0010017
0.150571 0.000923719
0.174322 0.000802325
0.220579 0.000565924
0.291744 0.000202229
0.316088 7.7851e-05
0.328803 1.28921e-05
0.330593 3.70956e-06
0.331314 0
0.331314 0
0.332035 3.70956e-06
0.337306 3.11511e-05
0.345263 7.58137e-05
0.353696 0.000131662
0.362787 0.000201288
0.371486 0.000265222
0.37941 0.000316577
0.39093 0.000385569
0.406172 0.000473482
0.428938 0.000602755
0.464036 0.000800754
0.491413 0.000954934
0.495969 0.000980585
0.498816 0.000996616
0.4995 0.00100046

0.001 0.000555
0.00150001 0.000554996
0.00350437 0.000554881
0.00821182 0.000552502
0.0121079 0.00053805
0.0147118 0.000501252
0.0169392 0.000438079
0.0196613 0.000340996
0.0233392 0.000232157
0.0281829 0.00012392
0.0315134 5.95858e-05
0.0331855 2.88418e-05
0.0341136 1.20676e-05
0.0345651 3.96479e-06
0.0347867 0
0.0347867 0
0.0350084 3.96479e-06
0.0362605 2.62826e-05
0.0385511 6.67216e-05
0.0428608 0.000142169
0.05091 0.00028274
0.0622932 0.000482083
0.0735796 0.00068247
0.0853559 0.000923385
0.0917084 0.00113122
0.0955797 0.0013022
0.0987775 0.0013914
0.101865 0.0013764
0.105125 0.0013142
0.110421 0.00122879
0.116777 0.00116563
0.125932 0.00110248
0.138002 0.00102975
0.154406 0.000933136
0.180979 0.000776926
0.236109 0.000452857
0.285672 0.000161518
0.309011 2.43303e-05
0.312898 1.47805e-06
0.31315 0
0.31315 0
0.313401 1.47805e-06
0.328575 9.10885e-05
0.339063 0.000156607
0.348616 0.000228963
0.356613 0.000303071
0.36567 0.000389317
0.373573 0.000449102
0.38248 0.000502033
0.394612 0.000564947
0.411382 0.000646883
0.436623 0.000767309
0.475559 0.000951507
0.490827 0.00102362
0.499452 0.00106435
0.4995 0.00106458

0.001 0.000585
0.00150001 0.000584996
0.003505 0.000584874
0.00822323 0.000582352
0.0120856 0.00056733
0.014668 0.000529351
0.0169029 0.000463051
0.0194687 0.000366383
0.0234488 0.000241671
0.0284642 0.000124533
0.0320915 5.13696e-05
0.0337764 1.89759e-05
0.0346384 2.64771e-06
0.0347788 0
0.0347788 0
0.0349192 2.64771e-06
0.0366641 3.53585e-05
0.0407451 0.000110898
0.0487865 0.000258768
0.0596773 0.000459389
0.0723997 0.000696216
0.0852203 0.000968616
0.0906177 0.00114489
0.0951945 0.00135343
0.0988586 0.00146524
0.102301 0.00144128
0.105981 0.00136708
0.111856 0.00127773
0.118489 0.00121655
0.130299 0.00113792
0.143458 0.00105802
0.162667 0.000942527
0.196256 0.000740704
0.277396 0.000253163
0.306554 7.79724e-05
0.315815 2.23267e-05
0.318108 8.54861e-06
0.319311 1.31326e-06
0.31953 0
0.31953 0
0.319748 1.31326e-06
0.324297 2.86982e-05
0.33429 8.9796e-05
0.344992 0.000162956
0.355038 0.00024934
0.364359 0.000338785
0.372924 0.000408826
0.381287 0.000464646
0.393167 0.000535473
0.40921 0.000626371
0.433428 0.000760772
0.470778 0.000966443
0.4995 0.00112432

0.001 0.000615
0.00150001 0.000614996
0.00350564 0.000614868
0.00823476 0.000612201
0.0121185 0.000596134
0.0147089 0.000555512
0.0169427 0.000485244
0.0196214 0.000379207
0.0232292 0.000260103
0.0282445 0.000135603
0.031563 6.46208e-05
0.0332328 3.06e-05
0.0340823 1.35758e-05
0.0345027 5.20678e-06
0.0347162 9.67628e-07
0.0347651 0
0.0347651 0
0.0348139 9.67628e-07
0.0358873 2.21661e-05
0.0379236 6.20055e-05
0.0424633 0.000149966
0.0508798 0.000312512
0.0622883 0.000533445
0.073575 0.000755031
0.0853666 0.00102161
0.0916346 0.00124706
0.0954852 0.00143434
0.0986686 0.00153552
0.10202 0.00151838
0.10558 0.0014447
0.110939 0.00135583
0.117423 0.00129041
0.127534 0.00121956
0.139695 0.00114417
0.156898 0.00103943
0.185462 0.000865764
0.247438 0.000488961
0.29678 0.000188977
0.313327 8.83963e-05
0.325204 1.62063e-05
0.327082 4.7642e-06
0.327863 0
0.327863 0
0.328644 4.7642e-06
0.333926 3.72154e-05
0.343515 0.000100036
0.35356 0.000179541
0.363819 0.000274515
0.372631 0.000349615
0.380893 0.000410589
0.392779 0.000491528
0.408774 0.000596515
0.432973 0.000752945
0.470395 0.00099339
0.4995 0.00118013

0.001 0.000645
0.00150001 0.000644996
0.00350627 0.000644861
0.00824643 0.000642048
0.0121524 0.000624896
0.0147584 0.000581346
0.0170286 0.000505454
0.0195563 0.000400267
0.0229098 0.000282361
0.0276151 0.000157082
0.0338164 1.98395e-05
0.0343401 8.88656e-06
0.0346743 1.9262e-06
0.0347669 0
0.0347669 0
0.0348596 1.9262e-06
0.0365438 3.67385e-05
0.0401574 0.000110511
0.0490572 0.000290879
0.0601985 0.000517067
0.0727129 0.000773985
0.0854663 0.00107474
0.0914699 0.00130073
0.0954433 0.00150354
0.0987497 0.00161262
0.102016 0.00159219
0.105485 0.00151516
0.110926 0.00141797
0.11742 0.0013469
0.127489 0.00126935
0.139635 0.00118611
0.156893 0.00106985
0.185414 0.000877977
0.24732 0.000461518
0.297152 0.000126283
0.313598 1.56433e-05
0.315074 5.71658e-06
0.315919 2.96036e-08
0.315923 0
0.315923 0
0.315928 2.96036e-08
0.319155 2.17582e-05
0.327961 8.13097e-05
0.338243 0.000153823
0.347705 0.000232783
0.355715 0.000314548
0.36503 0.000415391
0.373343 0.000489315
0.381973 0.00055094
0.394111 0.000627775
0.410715 0.000727419
0.435767 0.0008746
0.474476 0.00110027
0.489675 0.00118875
0.49827 0.00123877
0.4995 0.00124593

0.001 0.000675
0.00150001 0.000674995
0.0035069 0.000674855
0.00825823 0.000671893
0.0122002 0.000653484
0.014792 0.000607478
0.0170554 0.000527798
0.0195675 0.000418325
0.0228933 0.000295897
0.0275692 0.000165383
0.0337751 2.14757e-05
0.0342905 1.01851e-05
0.0346203 2.99197e-06
0.0347577 0
0.0347577 0
0.0348952 2.99197e-06
0.0365569 3.89689e-05
0.0402562 0.000118077
0.0472649 0.000266888
0.0581368 0.000497976
0.0726552 0.000809809
0.0838248 0.00107768
0.0900311 0.00129549
0.09415 0.00150653
0.0979198 0.00167492
0.101293 0.00168116
0.104821 0.00160126
0.109848 0.00149823
0.115971 0.00141909
0.125606 0.00133433
0.137539 0.00124357
0.153746 0.00112314
0.179863 0.000929457
0.233485 0.00053182
0.280514 0.000183065
0.293783 8.46696e-05
0.303898 9.66211e-06
0.304744 3.39091e-06
0.305201 0
0.305201 0
0.305658 3.39091e-06
0.309886 3.47473e-05
0.325567 0.000151421
0.336175 0.000233682
0.346178 0.000326597
0.354696 0.000426614
0.363485 0.00053744
0.372024 0.000622465
0.38001 0.000680212
0.39157 0.00074888
0.406939 0.000832039
0.429958 0.000952099
0.465406 0.00113453
0.493028 0.00127625
0.497625 0.00129983
0.499062 0.0013072
0.4995 0.00130945

0.001 0.000705
0.00150001 0.000704995
0.00350754 0.000704848
0.00827017 0.000701736
0.0126084 0.000677799
0.0148143 0.000633873
0.0170683 0.000550701
0.0195822 0.000436236
0.0229099 0.000308433
0.0275938 0.000172014
0.0338 2.17647e-05
0.0343203 9.86295e-06
0.0346316 2.76999e-06
0.0347534 0
0.0347534 0
0.0348753 2.76999e-06
0.0364436 3.82446e-05
0.0394486 0.000105447
0.0447908 0.000223985
0.0565415 0.000484677
0.0701347 0.000788429
0.0814047 0.00105781
0.0874926 0.00124702
0.0934468 0.0015329
0.097979 0.00175085
0.101168 0.00175769
0.105089 0.00166523
0.110019 0.00156149
0.116198 0.00147934
0.124946 0.00139876
0.136318 0.001308
0.151988 0.00118629
0.176852 0.000993641
0.226364 0.000610061
0.266832 0.000296546
0.30404 8.29171e-06
0.304746 2.82138e-06
0.30511 0
0.30511 0
0.305474 2.82138e-06
0.309004 3.01733e-05
0.326625 0.000167218
0.337263 0.000254289
0.347612 0.000358133
0.356262 0.000467346
0.365374 0.000584586
0.373461 0.000663063
0.382118 0.000725374
0.394287 0.000799101
0.410754 0.000891513
0.435805 0.00102792
0.474497 0.00123642
0.489682 0.00131808
0.498266 0.00136423
0.4995 0.00137087

0.001 0.000735
0.00150001 0.000734995
0.00350818 0.000734842
0.00828226 0.000731577
0.0122682 0.000710819
0.0148187 0.00066069
0.0170807 0.000573487
0.0196152 0.000453144
0.0229747 0.000319117
0.027707 0.000176013
0.0338366 2.15154e-05
0.0343517 9.22877e-06
0.0347057 8.21399e-07
0.0347404 0
0.0347404 0
0.034775 8.21399e-07
0.0365601 4.28714e-05
0.0404701 0.000133789
0.0482482 0.000313402
0.0588272 0.000558051
0.073704 0.000906361
0.0828435 0.00114303
0.0887364 0.00134998
0.0938988 0.00162329
0.0979241 0.00182162
0.101038 0.00183277
0.10427 0.00175723
0.108593 0.00165589
0.115261 0.00155653
0.123554 0.00147648
0.135038 0.00138353
0.150054 0.00126627
0.173493 0.00108387
0.218821 0.000731196
0.287289 0.000198472
0.300904 9.25367e-05
0.309013 2.94443e-05
0.311838 7.46136e-06
0.312469 2.5541e-06
0.312797 0
0.312797 0
0.313125 2.5541e-06
0.316024 2.51183e-05
0.326574 0.000107519
0.337182 0.0001936
0.347678 0.000295254
0.356439 0.000401112
0.365941 0.000519778
0.374017 0.000599681
0.383107 0.000671329
0.395499 0.00075782
0.4127 0.000871805
0.438903 0.00104188
0.479491 0.00130346
0.495525 0.00140665
0.497789 0.00142122
0.499205 0.00143033
0.4995 0.00143223

0.001 0.000765
0.00150001 0.000764995
0.00350882 0.000764836
0.00829449 0.00076142
0.0129722 0.000730106
0.0150903 0.000678978
0.0173974 0.000581471
0.0199378 0.000456217
0.0232638 0.00032139
0.0291289 0.000143103
0.0331134 3.94696e-05
0.0339743 1.79261e-05
0.0345601 3.37828e-06
0.0346966 0
0.0346966 0
0.0348331 3.37828e-06
0.0363402 4.04916e-05
0.0396047 0.00011994
0.0476708 0.000314637
0.0587022 0.000581198
0.0734966 0.000943016
0.0828909 0.00119711
0.0888281 0.00141642
0.0939683 0.00170342
0.0979677 0.00190814
0.101058 0.0019156
0.104319 0.00183167
0.10866 0.00172126
0.114804 0.00161875
0.12252 0.00153209
0.13381 0.00142585
0.148405 0.00129382
0.170713 0.00109283
0.212761 0.000714043
0.272494 0.000175951
0.282318 8.74529e-05
0.288458 3.21419e-05
0.290376 1.48572e-05
0.291576 4.05429e-06
0.292026 0
0.292026 0
0.292476 4.05429e-06
0.298472 5.8069e-05
0.319135 0.000244417
0.331818 0.000361371
0.345329 0.000512608
0.356426 0.000684249
0.365618 0.000826562
0.373585 0.000910109
0.382522 0.000971341
0.394749 0.00103558
0.411413 0.0011131
0.436802 0.00122566
0.476001 0.00139672
0.491401 0.00146373
0.495757 0.00148268
0.498479 0.00149452
0.49933 0.00149822
0.4995 0.00149896

0.001 0.000795
0.00150001 0.000794995
0.00350946 0.00079483
0.00830686 0.000791265
0.0129989 0.000758374
0.015109 0.000705083
0.0172934 0.000609676
0.0193046 0.000505537
0.0220057 0.000382476
0.0254087 0.000260388
0.0302622 0.000117265
0.0339946 1.81691e-05
0.034509 4.89303e-06
0.0346992 0
0.0346992 0
0.0348894 4.89303e-06
0.0362081 3.8677e-05
0.0389671 0.000108605
0.0449977 0.000260112
0.0537101 0.000478829
0.0663465 0.000797405
0.0770371 0.00107469
0.0853711 0.00132961
0.0907818 0.00157414
0.0952897 0.00185773
0.0988888 0.00200328
0.102286 0.0019617
0.105933 0.00185285
0.111572 0.00172373
0.118159 0.00162747
0.12909 0.00150719
0.141886 0.00137755
0.160333 0.0011925
0.191848 0.000876561
0.264635 0.00014688
0.279091 1.96291e-06
0.279287 0
0.279287 0
0.279482 1.96291e-06
0.302742 0.000235143
0.322384 0.000432694
0.333682 0.000551489
0.344823 0.000698841
0.354972 0.000883266
0.364145 0.00105454
0.372643 0.00115574
0.380984 0.00120887
0.392738 0.00125549
0.408571 0.00130359
0.432404 0.00136817
0.469035 0.00146361
0.497615 0.00153749
0.4995 0.00154236

0.001 0.000825
0.00150001 0.000824995
0.0035101 0.000824823
0.0083194 0.000821109
0.0130145 0.000786806
0.0151195 0.00073146
0.0174654 0.000623724
0.0200144 0.000488379
0.0241483 0.000314132
0.03002 0.00012887
0.0340349 1.80834e-05
0.0345335 4.73986e-06
0.0347112 0
0.0347112 0
0.0348888 4.73986e-06
0.036398 4.48121e-05
0.0399853 0.000138916
0.0492394 0.000379792
0.0603852 0.00067043
0.0727591 0.000996774
0.0853595 0.0013779
0.0912269 0.00165827
0.0951165 0.00191498
0.0982901 0.00206702
0.101442 0.00205592
0.10476 0.00195668
0.109547 0.00182798
0.115643 0.00172131
0.124425 0.00161348
0.135584 0.00149418
0.150689 0.00133682
0.174582 0.00108856
0.221225 0.000603956
0.257326 0.000228877
0.268608 0.000111664
0.275659 3.84068e-05
0.277862 1.55138e-05
0.279239 1.20572e-06
0.279355 0
0.279355 0
0.279471 1.20572e-06
0.286357 7.27464e-05
0.311486 0.000333902
0.327736 0.000504633
0.338229 0.000626653
0.347865 0.000775799
0.355975 0.000934999
0.365327 0.00111045
0.373524 0.00120424
0.382228 0.00125861
0.394342 0.00130735
0.410976 0.00136025
0.436067 0.00143258
0.474764 0.00154059
0.489934 0.0015827
0.498502 0.00160646
0.4995 0.00160923

0.001 0.000855
0.00150001 0.000854994
0.00351074 0.000854817
0.00833209 0.000850951
0.0130235 0.000815337
0.0151253 0.000757993
0.0178252 0.000626606
0.0204865 0.000482379
0.0239348 0.000333686
0.0290565 0.000162574
0.0337135 2.77928e-05
0.0343916 8.93979e-06
0.0346042 3.05582e-06
0.0347147 0
0.0347147 0
0.0348253 3.05582e-06
0.0358936 3.24798e-05
0.0379234 8.78694e-05
0.042457 0.0002104
0.0507384 0.000433493
0.0621699 0.000742289
0.0735381 0.00105357
0.085467 0.00143047
0.0913298 0.00172252
0.0949011 0.00196672
0.0978508 0.00212641
0.100948 0.00213802
0.104165 0.00204455
0.108653 0.00191422
0.115089 0.00179245
0.12399 0.00167929
0.135145 0.00155762
0.150129 0.00139876
0.173638 0.00115023
0.219142 0.000669245
0.253617 0.000304835
0.275164 7.70784e-05
0.280508 2.05899e-05
0.282179 2.93719e-06
0.282456 0
0.282456 0
0.282734 2.93719e-06
0.291084 9.12006e-05
0.310218 0.000293493
0.328389 0.000487662
0.338648 0.000609463
0.348056 0.000756685
0.355998 0.000912501
0.365197 0.00108628
0.373433 0.00118501
0.382041 0.00124513
0.394181 0.00130381
0.41066 0.00136991
0.435694 0.00146305
0.474343 0.00160332
0.489508 0.00165812
0.498081 0.00168908
0.499421 0.00169392
0.4995 0.00169421

0.001 0.000885
0.00150001 0.000884994
0.00351139 0.000884811
0.00834494 0.00088079
0.0130335 0.000843836
0.0151318 0.000784479
0.0174711 0.000669078
0.0199189 0.000529307
0.0230949 0.000379237
0.0283585 0.000190529
0.0317444 8.64458e-05
0.0334624 3.61163e-05
0.0342959 1.20849e-05
0.0345198 5.66347e-06
0.03466 1.65016e-06
0.0347177 0
0.0347177 0
0.0347754 1.65016e-06
0.0354787 2.17179e-05
0.0370975 6.75483e-05
0.0415099 0.000191104
0.0488359 0.0003952
0.0595928 0.000695451
0.0724216 0.00105729
0.0853366 0.00147384
0.0910837 0.00176511
0.0951704 0.00205227
0.0984806 0.00221521
0.10173 0.00219181
0.105183 0.00208055
0.110229 0.00194364
0.116383 0.00183621
0.125856 0.00171802
0.137465 0.00158971
0.153655 0.00141429
0.179717 0.00113239
0.233212 0.000553811
0.280011 4.76387e-05
0.283372 1.12922e-05
0.283897 5.61302e-06
0.284225 2.06356e-06
0.284416 0
0.284416 0
0.284606 2.06356e-06
0.286247 1.98109e-05
0.294452 0.000108548
0.31348 0.000314439
0.328798 0.000482285
0.339315 0.000610906
0.348877 0.000766015
0.356881 0.000926569
0.36621 0.00110031
0.374178 0.00119369
0.383755 0.00126208
0.396491 0.00132865
0.414252 0.00140932
0.441267 0.00152553
0.483111 0.00170253
0.4995 0.00177167

0.001 0.000915
0.00150001 0.000914994
0.00351204 0.000914805
0.00835795 0.000910627
0.0130528 0.000872136
0.0151466 0.00081061
0.0174267 0.000694513
0.0195216 0.000569798
0.0222899 0.000427538
0.0269774 0.000243671
0.0327915 5.72257e-05
0.0346637 1.26883e-06
0.0347066 0
0.0347066 0
0.0347495 1.26883e-06
0.0391833 0.000130783
0.0469792 0.000355619
0.058506 0.000688287
0.0730763 0.00111355
0.0832463 0.00144262
0.0892903 0.00171663
0.0943092 0.00205958
0.0982157 0.00228537
0.101757 0.00226584
0.105536 0.00213914
0.110468 0.00200366
0.116826 0.00189085
0.125882 0.00177401
0.137801 0.00163672
0.154101 0.00145252
0.18052 0.00115446
0.235138 0.000538278
0.25947 0.000263769
0.274678 9.22008e-05
0.279418 3.87217e-05
0.282381 5.29721e-06
0.282844 7.46344e-08
0.282851 1.32349e-23
0.282851 1.32349e-23
0.282857 7.46344e-08
0.285172 2.61875e-05
0.296745 0.000156753
0.314387 0.000355898
0.329517 0.000529278
0.340281 0.00066957
0.349952 0.000839585
0.358124 0.00101381
0.367326 0.00118553
0.375304 0.00127529
0.385327 0.00134429
0.398615 0.00141229
0.41747 0.00149702
0.446254 0.00162013
0.490912 0.00180844
0.4995 0.00184458

0.001 0.000945
0.00150001 0.000944994
0.00351268 0.000944799
0.00837114 0.000940462
0.013059 0.000900683
0.0151493 0.000837209
0.0174095 0.00071845
0.0195422 0.000587317
0.0222491 0.000443502
0.0266426 0.000263764
0.0320941 8.09412e-05
0.033871 2.55926e-05
0.0346603 1.36576e-06
0.034705 0
0.034705 0
0.0347497 1.36576e-06
0.0365574 5.62766e-05
0.0404698 0.00017358
0.0483112 0.000407067
0.0591459 0.000730184
0.0724098 0.00112984
0.0853026 0.00157381
0.090971 0.00187886
0.0947338 0.00216073
0.0979087 0.00235204
0.100878 0.00236213
0.103962 0.00226267
0.108016 0.00212745
0.113885 0.00199403
0.121945 0.00187136
0.133147 0.00172976
0.147274 0.00155811
0.168957 0.00129575
0.209086 0.000810302
0.264089 0.000144899
0.270137 7.17404e-05
0.273916 2.6016e-05
0.275097 1.17271e-05
0.275836 2.79658e-06
0.276067 0
0.276067 0
0.276298 2.79658e-06
0.279989 4.74493e-05
0.298444 0.000270716
0.315598 0.000478426
0.330872 0.000667521
0.341485 0.000823083
0.350914 0.00101305
0.35967 0.00122091
0.368706 0.00139112
0.376674 0.00147309
0.387834 0.00153756
0.401983 0.00159475
0.422556 0.00166607
0.45412 0.00176936
0.478636 0.00184851
0.494684 0.00190021
0.499192 0.00191472
0.4995 0.00191571

0.001 0.000975
0.00150001 0.000974994
0.00351333 0.000974793
0.0083845 0.000970294
0.0130744 0.000929026
0.0151675 0.000863135
0.0173867 0.000742797
0.0194368 0.000612496
0.0229781 0.000423165
0.0281765 0.000216217
0.0314329 0.000105228
0.0331332 5.00553e-05
0.0343388 1.16683e-05
0.0345691 4.39252e-06
0.0347083 0
0.0347083 0
0.0348475 4.39252e-06
0.0360051 4.07775e-05
0.0383843 0.000114816
0.0432612 0.000265173
0.0529029 0.000561811
0.0650095 0.000935682
0.0758177 0.00127684
0.0851099 0.00161767
0.0911218 0.00195243
0.095038 0.00225841
0.0982149 0.00244153
0.101143 0.0024324
0.105813 0.00226104
0.111208 0.00210024
0.117667 0.00197378
0.127978 0.00181962
0.140262 0.00165046
0.157787 0.00141178
0.187233 0.00101108
0.252084 0.000128582
0.260583 1.29346e-05
0.261247 3.89962e-06
0.261533 0
0.261533 0
0.26182 3.89962e-06
0.265139 4.90743e-05
0.281738 0.000274948
0.305444 0.00059758
0.324593 0.000860024
0.335316 0.00101908
0.345546 0.00122224
0.355022 0.00147956
0.363993 0.00172074
0.372484 0.00185081
0.380576 0.00190092
0.392255 0.00192735
0.407988 0.00193893
0.431653 0.0019439
0.468063 0.00194565
0.496471 0.00194617
0.498842 0.0019462
0.4995 0.00194621

0.001 0.001005
0.00150001 0.00100499
0.00351405 0.00100479
0.00839941 0.00100012
0.0130917 0.000957309
0.0151884 0.000888895
0.0173666 0.000767063
0.0193627 0.000636098
0.0224529 0.000461515
0.0273335 0.000253996
0.0331894 4.93968e-05
0.0341891 1.65481e-05
0.0346746 7.15803e-07
0.0346966 0
0.0346966 0
0.0347186 7.15803e-07
0.0362327 4.96948e-05
0.039275 0.000146951
0.0458055 0.00035394
0.0571809 0.000714569
0.0709831 0.0011557
0.0822755 0.00154659
0.0882036 0.00182202
0.0935101 0.00219747
0.0970035 0.00246163
0.100024 0.00252605
0.103072 0.00243731
0.106895 0.00229239
0.112778 0.00213357
0.119797 0.00200834
0.131349 0.00184302
0.144911 0.00165926
0.16508 0.00138757
0.201175 0.000901478
0.246928 0.00028531
0.261226 9.27572e-05
0.265694 3.25845e-05
0.267091 1.37805e-05
0.267963 2.02801e-06
0.268114 0
0.268114 0
0.268265 2.02801e-06
0.272628 6.07904e-05
0.294445 0.000354604
0.315038 0.000632169
0.33142 0.000858954
0.342834 0.00105492
0.352742 0.00129631
0.363254 0.00157508
0.372102 0.00172049
0.380201 0.0017839
0.391866 0.00183253
0.407607 0.0018758
0.431189 0.00192912
0.467571 0.00200582
0.496015 0.00206496
0.498392 0.0020699
0.4995 0.0020722

0.001 0.001035
0.00150001 0.00103499
0.0035151 0.00103478
0.00842158 0.00102993
0.0131148 0.000985436
0.0152276 0.000913746
0.01738 0.000789167
0.019461 0.000648638
0.0226616 0.000464679
0.0271731 0.000267639
0.03285 6.21242e-05
0.0346758 3.3219e-07
0.0346857 0
0.0346857 0
0.0346956 3.3219e-07
0.0388159 0.000136725
0.0484358 0.000450877
0.059557 0.000814447
0.0725466 0.00124364
0.083875 0.00166097
0.0898804 0.00198282
0.0947926 0.00237468
0.0986196 0.00259846
0.101692 0.00256148
0.105309 0.00241794
0.110377 0.00225134
0.116711 0.00211467
0.126425 0.0019595
0.138283 0.00178817
0.154836 0.00155261
0.181844 0.00116876
0.238427 0.000364614
0.251413 0.000180052
0.25953 6.47007e-05
0.262066 2.86534e-05
0.263651 6.12379e-06
0.263899 2.60355e-06
0.264082 0
0.264082 0
0.264265 2.60355e-06
0.265504 2.02048e-05
0.271696 0.000108211
0.302658 0.00054826
0.31823 0.000770062
0.334352 0.00101118
0.344805 0.00121892
0.354842 0.00149532
0.363832 0.00174508
0.372403 0.00188653
0.380608 0.00194767
0.392399 0.00199005
0.408389 0.00202383
0.432387 0.00206234
0.469479 0.0021161
0.49852 0.00215737
0.4995 0.00215875

0.001 0.001065
0.00150001 0.00106499
0.00351615 0.00106477
0.00844426 0.00105973
0.0131145 0.00101408
0.0152252 0.000940449
0.0173738 0.000812511
0.0194169 0.000670327
0.0231672 0.000452408
0.0283664 0.000228072
0.0317881 0.000101241
0.0335081 4.04848e-05
0.0343779 1.02473e-05
0.0345851 3.08202e-06
0.0346743 4.23516e-22
0.0346743 4.23516e-22
0.0347636 3.08202e-06
0.035805 3.89129e-05
0.0391169 0.000151518
0.047115 0.000420763
0.0582762 0.00079675
0.0728317 0.00129239
0.0830057 0.0016746
0.0888518 0.00197657
0.0939327 0.00237415
0.0973155 0.0026354
0.100285 0.00267913
0.10332 0.00257221
0.107126 0.00241421
0.112998 0.00224091
0.120746 0.00208708
0.131363 0.00191267
0.145006 0.00169811
0.165241 0.00138149
0.201491 0.000814432
0.247587 9.33478e-05
0.251189 3.70131e-05
0.25344 1.80391e-06
0.253555 0
0.253555 0
0.25367 1.80391e-06
0.264924 0.00017785
0.296218 0.000667381
0.311898 0.000912853
0.328301 0.00117426
0.3389 0.00137108
0.348569 0.00162837
0.35666 0.00190098
0.365549 0.00216495
0.373447 0.00228212
0.382196 0.00232537
0.394432 0.00233425
0.41126 0.00232023
0.436725 0.00228557
0.476072 0.00222603
0.491541 0.00220227
0.495912 0.00219554
0.498645 0.00219134
0.499499 0.00219002
0.4995 0.00219002

0.001 0.001095
0.00150001 0.00109499
0.00351721 0.00109477
0.00846745 0.00108952
0.0129594 0.00104633
0.0150775 0.000974118
0.0174285 0.000831501
0.0194285 0.000688209
0.0231483 0.000465703
0.028305 0.000236296
0.031667 0.000107765
0.0331608 5.32746e-05
0.0340461 2.14764e-05
0.0345359 4.00998e-06
0.0346487 0
0.0346487 0
0.0347614 4.00998e-06
0.0363672 6.07986e-05
0.0409766 0.000221574
0.0493223 0.000510731
0.0603435 0.000893376
0.0727567 0.00132924
0.0839324 0.00176764
0.0898125 0.00210249
0.094128 0.0024648
0.0975539 0.00272837
0.100588 0.00275282
0.104002 0.00261488
0.108196 0.00244045
0.113545 0.00228393
0.121485 0.00211966
0.133375 0.00191173
0.14773 0.00166915
0.169666 0.00129961
0.21061 0.000609979
0.239072 0.000130574
0.243519 5.56674e-05
0.246298 8.85053e-06
0.246733 1.5354e-06
0.246824 0
0.246824 0
0.246915 1.5354e-06
0.249086 3.8111e-05
0.259944 0.000220989
0.299584 0.000888703
0.313953 0.00113106
0.330584 0.00141996
0.341035 0.00164646
0.350373 0.00194225
0.358775 0.00226044
0.367916 0.00251974
0.375887 0.00260557
0.386513 0.00262098
0.400087 0.00259238
0.41981 0.00252745
0.449842 0.00241695
0.496347 0.00224153
0.498689 0.00223267
0.499421 0.0022299
0.4995 0.0022296

0.001 0.001125
0.00150001 0.00112499
0.00351827 0.00112476
0.00849119 0.00111931
0.0127025 0.0010807
0.0149704 0.00100605
0.0171807 0.000872237
0.0201147 0.000659248
0.0241069 0.000429493
0.0292937 0.000202456
0.0339415 2.54059e-05
0.0344004 8.559e-06
0.0345518 3.01857e-06
0.0346343 0
0.0346343 0
0.0347169 3.01857e-06
0.0354766 3.07228e-05
0.0373717 9.92347e-05
0.0440153 0.000336486
0.0548703 0.000723222
0.0676615 0.00118129
0.0783164 0.00157714
0.0857597 0.00190903
0.0910991 0.00226082
0.0948321 0.00259978
0.0980157 0.00282375
0.100572 0.00282903
0.103307 0.002719
0.106448 0.00257503
0.111623 0.00239576
0.118318 0.00223731
0.129299 0.00203132
0.142217 0.00180379
0.160874 0.00147756
0.192977 0.000916482
0.230462 0.000261358
0.242176 5.6632e-05
0.244006 2.46435e-05
0.24515 4.65071e-06
0.245416 0
0.245416 0
0.245682 4.65071e-06
0.251402 0.000104615
0.28 0.000604435
0.297527 0.000910765
0.314556 0.00120879
0.329688 0.0014809
0.340404 0.00171659
0.35002 0.00202857
0.358121 0.00234809
0.367306 0.00263047
0.375266 0.00272757
0.385966 0.00274728
0.399564 0.00271863
0.419021 0.0026527
0.448722 0.0025397
0.494724 0.00236001
0.499351 0.00234189
0.4995 0.0023413

0.001 0.001155
0.00150001 0.00115499
0.00351934 0.00115476
0.00851551 0.00114909
0.0128943 0.0011053
0.0150608 0.00102848
0.0172548 0.000889969
0.0201647 0.000672962
0.0244568 0.000422709
0.0297483 0.000188309
0.0339983 2.2644e-05
0.0344627 5.12298e-06
0.0345349 2.40502e-06
0.0345989 0
0.0345989 0
0.0346628 2.40502e-06
0.0350246 1.59951e-05
0.0361335 5.74166e-05
0.0384688 0.000143851
0.0426893 0.000298739
0.0500114 0.000566791
0.0611163 0.000974333
0.0731084 0.00141984
0.0840407 0.00187501
0.0898298 0.00222463
0.0945943 0.00265197
0.0977225 0.00289321
0.100542 0.00290925
0.104119 0.00275294
0.10844 0.00256236
0.114264 0.0023843
0.12213 0.00221083
0.133174 0.00199939
0.147569 0.00173192
0.169473 0.00132622
0.210201 0.000571946
0.238409 4.95542e-05
0.240612 8.74236e-06
0.240957 2.3655e-06
0.241084 0
0.241084 0
0.241212 2.3655e-06
0.242934 3.42498e-05
0.251542 0.000193671
0.294583 0.000990789
0.310206 0.0012803
0.326127 0.00157947
0.336497 0.00179896
0.346352 0.00209623
0.354746 0.0024387
0.363361 0.00277974
0.371845 0.00295517
0.379791 0.00299631
0.39126 0.00297928
0.40675 0.00291624
0.429973 0.00280141
0.465709 0.00261529
0.493571 0.00246888
0.498219 0.00244443
0.4995 0.00243769

0.001 0.001185
0.00150001 0.00118499
0.00352041 0.00118475
0.00854043 0.00117887
0.0131216 0.00112844
0.015219 0.00104706
0.0173445 0.000906235
0.0192762 0.000755811
0.0217276 0.000586156
0.0246874 0.000421687
0.0298884 0.000186931
0.0337639 3.18066e-05
0.034298 1.10798e-05
0.034463 4.69846e-06
0.0345846 0
0.0345846 0
0.0347063 4.69846e-06
0.0355348 3.6608e-05
0.0373151 0.000104602
0.0412197 0.000252208
0.0522148 0.000665941
0.0644288 0.00112715
0.0752271 0.00154292
0.0845884 0.0019556
0.0903967 0.00233217
0.0944804 0.00271613
0.0977363 0.00297629
0.100658 0.00298457
0.104243 0.00281424
0.108618 0.0026111
0.114787 0.00241291
0.122712 0.00222528
0.133529 0.00199819
0.148045 0.001701
0.170231 0.00124796
0.211789 0.000399441
0.226406 0.000101002
0.230974 7.73915e-06
0.231331 4.53029e-07
0.231353 0
0.231353 0
0.231375 4.53029e-07
0.233159 3.68836e-05
0.242081 0.000219037
0.286688 0.00112981
0.306853 0.00154165
0.323914 0.0018935
0.334873 0.00214258
0.345072 0.0024726
0.354065 0.00288679
0.363089 0.00330009
0.371599 0.00349087
0.379385 0.00351538
0.390754 0.00345671
0.406162 0.00332692
0.42906 0.003109
0.464219 0.00276296
0.491564 0.00249226
0.496111 0.00244722
0.498952 0.00241907
0.4995 0.00241365

0.001 0.001215
0.00150001 0.00121499
0.00352148 0.00121474
0.00856599 0.00120863
0.0131207 0.00115709
0.0152127 0.00107397
0.0173498 0.000928719
0.0192737 0.000774935
0.0216792 0.000603726
0.024843 0.000423853
0.0296785 0.000199886
0.0335559 4.00218e-05
0.0344616 3.93798e-06
0.0345609 0
0.0345609 0
0.0346602 3.93798e-06
0.0366831 8.35799e-05
0.0425055 0.000309399
0.0528385 0.00070839
0.0651485 0.00118556
0.0759165 0.00161241
0.0848404 0.00202121
0.0904995 0.00240257
0.0945487 0.00279531
0.097778 0.00305728
0.100685 0.00306125
0.103965 0.0029005
0.108192 0.00269338
0.113683 0.00250202
0.121467 0.00230407
0.133181 0.00204655
0.147439 0.00174227
0.169333 0.00127636
0.209896 0.000413256
0.223901 0.00011526
0.228277 2.21359e-05
0.228961 7.58528e-06
0.229175 3.03822e-06
0.229318 0
0.229318 0
0.229461 3.03822e-06
0.230529 2.57735e-05
0.235872 0.00013945
0.262584 0.000707833
0.291159 0.00131587
0.307515 0.00166403
0.323382 0.00200496
0.334668 0.00227116
0.344915 0.00261598
0.3538 0.00304366
0.362185 0.00345499
0.370713 0.00367783
0.378456 0.00371193
0.389607 0.00365321
0.404365 0.0035199
0.426403 0.00329292
0.460179 0.00293192
0.486401 0.0026498
0.495068 0.00255647
0.497776 0.00252731
0.499469 0.00250908
0.4995 0.00250874

0.001 0.001245
0.00150001 0.00124499
0.00352256 0.00124474
0.00859221 0.00123839
0.0131101 0.00118601
0.0151916 0.00110174
0.0173408 0.000952336
0.0192744 0.000793813
0.0216954 0.000617217
0.0247664 0.000437847
0.0295811 0.000208398
0.0335047 4.22542e-05
0.0344043 5.47138e-06
0.0345133 1.03389e-06
0.0345388 0
0.0345388 0
0.0345642 1.03389e-06
0.0351111 2.32221e-05
0.0366706 8.60243e-05
0.0402173 0.000227271
0.0477781 0.000526369
0.0598998 0.00100668
0.072774 0.00152263
0.0835809 0.0020038
0.0893195 0.0023649
0.0941947 0.00282657
0.0973664 0.00311124
0.10065 0.00313687
0.104084 0.00296458
0.108335 0.00275386
0.113847 0.00256003
0.121671 0.00235825
0.132366 0.00211824
0.146345 0.00181382
0.167586 0.00135279
0.206254 0.000513632
0.219143 0.00023392
0.227199 5.91005e-05
0.229716 4.46924e-06
0.229922 0
0.229922 0
0.230128 4.46924e-06
0.242715 0.000277625
0.305648 0.00164367
0.324429 0.00205537
0.334994 0.00231192
0.345142 0.00266291
0.354018 0.00309814
0.36299 0.00353561
0.371537 0.00374178
0.37937 0.00377161
0.390797 0.00371614
0.406313 0.00358841
0.429463 0.00337174
0.465061 0.00302671
0.492808 0.00275615
0.497435 0.00271102
0.49888 0.00269691
0.4995 0.00269086

0.001 0.001275
0.00150001 0.00127499
0.00352364 0.00127473
0.00861914 0.00126815
0.0131221 0.00121438
0.0152026 0.0011278
0.0173446 0.000975007
0.0192697 0.00081319
0.0216786 0.000632927
0.0248615 0.000442833
0.0296779 0.000208414
0.0335183 4.18958e-05
0.0344249 3.90277e-06
0.0345185 0
0.0345185 0
0.0346121 3.90277e-06
0.0364403 7.96531e-05
0.040429 0.000242717
0.0480488 0.000552075
0.0586142 0.000981687
0.0731155 0.00157803
0.0827138 0.00201229
0.088573 0.00237069
0.0936675 0.00284637
0.0968262 0.00316121
0.0995492 0.00324668
0.102272 0.00314035
0.105204 0.00296998
0.109149 0.00277529
0.115011 0.00256753
0.12339 0.00234134
0.134523 0.00207072
0.14926 0.00171955
0.172328 0.0011709
0.216346 0.000124051
0.220393 2.78068e-05
0.221025 1.27687e-05
0.22142 3.36986e-06
0.221562 0
0.221562 0
0.221703 3.36986e-06
0.223679 5.03641e-05
0.23356 0.000285335
0.28296 0.00146019
0.306864 0.00202886
0.324268 0.00244755
0.334945 0.00273353
0.345058 0.00312663
0.353738 0.00361012
0.361889 0.00407216
0.370037 0.00431867
0.377433 0.00435009
0.388182 0.00426405
0.402363 0.00408051
0.423537 0.00377095
0.455823 0.00328205
0.480827 0.00290092
0.497224 0.00265076
0.4995 0.00261603

0.001 0.001305
0.00150001 0.00130499
0.00352473 0.00130472
0.00864682 0.00129791
0.0131356 0.00124278
0.0152159 0.00115385
0.0173499 0.000997704
0.0192654 0.000832737
0.0216604 0.000648989
0.0250106 0.000444854
0.0298734 0.000203938
0.0334813 4.39544e-05
0.034469 1.55537e-06
0.0345054 0
0.0345054 0
0.0345418 1.55537e-06
0.0365672 8.7422e-05
0.0411625 0.000279465
0.0489062 0.000601166
0.060474 0.00108277
0.0728728 0.001605
0.0836774 0.00211145
0.089364 0.0024892
0.094112 0.0029626
0.097089 0.00325401
0.0997015 0.00331964
0.102336 0.0032087
0.10517 0.0030401
0.108937 0.00284867
0.114527 0.00264226
0.122678 0.00241416
0.133726 0.00213848
0.148405 0.00178036
0.17089 0.00123308
0.21324 0.000202373
0.220792 1.85654e-05
0.221382 4.2055e-06
0.221555 0
0.221555 0
0.221728 4.2055e-06
0.224678 7.60052e-05
0.239428 0.000435004
0.288941 0.00164007
0.310849 0.00217364
0.327359 0.00258418
0.337399 0.00287795
0.346538 0.00327459
0.354376 0.00373157
0.362665 0.00419969
0.370731 0.00442591
0.37826 0.00445061
0.389383 0.00436133
0.40431 0.00417438
0.426527 0.00386269
0.460599 0.0033693
0.487053 0.00298406
0.495813 0.00285641
0.498551 0.00281652
0.499406 0.00280405
0.4995 0.00280269

0.001 0.001335
0.00150001 0.00133499
0.00352582 0.00133472
0.00867528 0.00132766
0.0131503 0.00127113
0.0152308 0.00117978
0.0173584 0.00102016
0.0192898 0.000849894
0.0217762 0.000655749
0.0247831 0.000467766
0.0295004 0.000225985
0.0333098 5.22333e-05
0.0343381 6.97704e-06
0.034476 9.44294e-07
0.0344976 -1.05879e-22
0.0344976 -1.05879e-22
0.0345192 9.44294e-07
0.0352112 3.11096e-05
0.0370026 0.000108541
0.0404762 0.000257086
0.0490858 0.000623136
0.0603665 0.00110373
0.0727885 0.001639
0.0836249 0.00215795
0.0892824 0.0025405
0.0941934 0.00304153
0.0973298 0.00334685
0.0998967 0.00339202
0.102562 0.00326569
0.105665 0.00307507
0.110287 0.00284636
0.116733 0.00262015
0.126206 0.0023559
0.138309 0.00204148
0.154903 0.00161487
0.182054 0.000917423
0.210503 0.000186643
0.214673 7.95158e-05
0.21728 1.25613e-05
0.217687 2.09964e-06
0.217769 0
0.217769 0
0.21785 2.09964e-06
0.219887 5.44079e-05
0.230068 0.000315949
0.280977 0.00162366
0.30495 0.00223959
0.322501 0.0026942
0.334024 0.00302082
0.344396 0.00344453
0.353334 0.0039814
0.361557 0.00449411
0.369452 0.00476505
0.37662 0.00480531
0.387238 0.0047146
0.401245 0.00451356
0.422039 0.00417434
0.453745 0.00363777
0.478291 0.00321943
0.494347 0.00294554
0.498854 0.00286863
0.4995 0.00285761

0.001 0.001365
0.00150001 0.00136499
0.00352691 0.00136471
0.00870458 0.00135741
0.0131664 0.00129938
0.0152478 0.00120554
0.0173443 0.00104459
0.0202278 0.000789232
0.0241162 0.000517531
0.0291225 0.00024923
0.0335032 4.43113e-05
0.0341641 1.45599e-05
0.0344343 2.45302e-06
0.0344892 0
0.0344892 0
0.034544 2.45302e-06
0.0354607 4.33186e-05
0.0374468 0.000131034
0.0416271 0.000313724
0.0496174 0.000661451
0.0608245 0.00115034
0.0730023 0.00168792
0.083642 0.00221057
0.0892239 0.00259638
0.0936313 0.00304902
0.0970929 0.00341281
0.100072 0.00346672
0.103356 0.00328524
0.1072 0.00304807
0.112951 0.00278804
0.120447 0.00254058
0.131118 0.0022349
0.144596 0.00186097
0.164684 0.0013056
0.200416 0.000317927
0.211646 7.50129e-06
0.211866 1.43829e-06
0.211918 0
0.211918 0
0.21197 1.43829e-06
0.213067 3.17533e-05
0.21855 0.000183328
0.245968 0.000941203
0.274821 0.00173873
0.29555 0.00231174
0.313474 0.00280793
0.329643 0.00327125
0.339939 0.0036487
0.349258 0.00418311
0.357018 0.0047393
0.365375 0.00521644
0.372581 0.0053507
0.380812 0.00530597
0.392352 0.0051196
0.408883 0.00478413
0.433602 0.00424794
0.471572 0.00340991
0.486412 0.00308159
0.494784 0.00289631
0.497401 0.0028384
0.499036 0.00280221
0.4995 0.00279194

0.001 0.001395
0.00150001 0.00139499
0.00352801 0.00139471
0.00873477 0.00138714
0.013168 0.00132804
0.0152271 0.00123359
0.0173095 0.00107091
0.0202301 0.000806363
0.0241853 0.000524441
0.0292449 0.000248186
0.0337207 3.46883e-05
0.0343104 7.58951e-06
0.0343952 3.70533e-06
0.0344762 -4.23516e-22
0.0344762 -4.23516e-22
0.0345572 3.70533e-06
0.0349821 2.31268e-05
0.0362394 8.02277e-05
0.03855 0.000184182
0.0427942 0.000373598
0.0499335 0.000691508
0.0612899 0.00119851
0.0731922 0.00173656
0.0838338 0.00227396
0.0894515 0.00267764
0.0942181 0.00319301
0.0967603 0.00346944
0.0989937 0.00356519
0.101684 0.0034661
0.105244 0.00322583
0.110036 0.00295738
0.116386 0.00270283
0.125599 0.00240585
0.137288 0.00205405
0.153431 0.00157334
0.179453 0.000799132
0.206008 9.11512e-06
0.20624 2.21634e-06
0.206314 0
0.206314 0
0.206389 2.21634e-06
0.207548 3.67102e-05
0.213345 0.00020918
0.24233 0.00107153
0.275971 0.00207238
0.299864 0.00278329
0.317482 0.00330926
0.33096 0.00373285
0.340653 0.00413483
0.349408 0.00469786
0.357089 0.0053059
0.365645 0.00582811
0.373023 0.00594593
0.381275 0.00586252
0.392813 0.00561669
0.40972 0.00518214
0.434991 0.00449501
0.473766 0.00342551
0.48893 0.00300645
0.497497 0.00276965
0.498836 0.00273265
0.4995 0.00271429

0.001 0.001425
0.00150001 0.00142499
0.00352911 0.0014247
0.0087659 0.00141686
0.0131945 0.00135592
0.0152484 0.001259
0.0173601 0.00108947
0.0202318 0.000823681
0.0241005 0.000541145
0.0290984 0.00026109
0.0334234 4.95343e-05
0.0343864 4.2733e-06
0.0344778 0
0.0344778 0
0.0345692 4.2733e-06
0.0363918 8.89318e-05
0.0415001 0.000322731
0.0513524 0.000771048
0.0632015 0.00131192
0.0742107 0.00182241
0.0840526 0.00233653
0.0896565 0.00275447
0.093946 0.00322906
0.0968908 0.00355679
0.0994448 0.00363829
0.102222 0.00350104
0.105656 0.00325957
0.111089 0.00295823
0.117748 0.00269325
0.127854 0.00235797
0.140266 0.00196609
0.157993 0.00140994
0.187628 0.000480631
0.19582 0.000223716
0.200941 6.31445e-05
0.202541 1.29658e-05
0.202791 5.12537e-06
0.202947 2.25107e-07
0.202955 -2.64698e-23
0.202955 -2.64698e-23
0.202962 2.25107e-07
0.203743 2.47264e-05
0.20765 0.000147233
0.227183 0.000759766
0.266549 0.00199424
0.296345 0.00292866
0.312073 0.00342253
0.326935 0.00390016
0.336537 0.00426238
0.345266 0.00475604
0.352861 0.00535644
0.360548 0.00599056
0.367643 0.00633179
0.374058 0.00637754
0.382709 0.00624497
0.395149 0.00592263
0.413368 0.00537699
0.440619 0.00452532
0.482499 0.00320321
0.499032 0.0026807
0.4995 0.0026659

0.001 0.001455
0.00150001 0.00145499
0.00353022 0.0014547
0.00879805 0.00144657
0.0132517 0.00138275
0.0153005 0.00128232
0.0173876 0.00111002
0.0202419 0.000840227
0.0240786 0.000553948
0.029095 0.000266701
0.0334051 5.13504e-05
0.0343342 6.73626e-06
0.034451 1.15539e-06
0.0344752 0
0.0344752 0
0.0344994 1.15539e-06
0.0350854 2.90608e-05
0.0367861 0.000109397
0.0402863 0.000272922
0.0499914 0.000723477
0.0613139 0.00125035
0.0732378 0.0018122
0.0838153 0.00236877
0.0894188 0.00278717
0.0940965 0.00331215
0.0969005 0.00362789
0.0993476 0.00371063
0.101827 0.00359534
0.10449 0.00340338
0.108312 0.00315815
0.114237 0.00287942
0.122159 0.00259254
0.133086 0.00223531
0.147475 0.00177452
0.169378 0.0010745
0.189716 0.000424557
0.199333 0.000117237
0.202338 2.11997e-05
0.202808 6.19387e-06
0.202954 1.50454e-06
0.203001 0
0.203001 0
0.203049 1.50454e-06
0.203782 2.49512e-05
0.207451 0.000142184
0.225793 0.000728351
0.275099 0.002304
0.301152 0.00313668
0.317206 0.00365154
0.330879 0.00411277
0.340313 0.00453035
0.348889 0.00511854
0.356128 0.0057382
0.363537 0.00628565
0.37014 0.00648682
0.377293 0.00646462
0.387609 0.00625822
0.402096 0.00586494
0.423746 0.00522298
0.456659 0.00422249
0.482113 0.00344532
0.498837 0.00293443
0.49942 0.00291664
0.4995 0.00291419

0.001 0.001485
0.00150001 0.00148499
0.00353133 0.00148469
0.00883127 0.00147628
0.0132938 0.00141001
0.0153303 0.00130702
0.0176606 0.00110657
0.0200774 0.000872631
0.0231952 0.000625471
0.0290153 0.000277004
0.0330691 6.96648e-05
0.0339616 2.5783e-05
0.0344724 8.55442e-07
0.0344899 0
0.0344899 0
0.0345075 8.55442e-07
0.0357165 5.94262e-05
0.0379704 0.000167475
0.042254 0.000370858
0.049266 0.000702727
0.0604252 0.0012321
0.0728583 0.00182871
0.0835758 0.00239986
0.0891528 0.00281663
0.0941808 0.00338825
0.0966146 0.00367475
0.0987712 0.0037854
0.100946 0.0037189
0.103975 0.00350125
0.107857 0.00323615
0.113934 0.00293286
0.121715 0.00263639
0.131911 0.0022864
0.145714 0.00182308
0.166546 0.00112563
0.185386 0.000494948
0.193895 0.000210101
0.199213 3.20712e-05
0.200044 4.25403e-06
0.200171 0
0.200171 0
0.200298 4.25403e-06
0.204453 0.00014334
0.225226 0.000838768
0.260715 0.00202681
0.294641 0.00316254
0.309376 0.00365623
0.324211 0.00416027
0.335061 0.00457595
0.34408 0.00508718
0.351993 0.00574073
0.359688 0.006434
0.367079 0.00684557
0.373713 0.00690332
0.38242 0.00675947
0.394584 0.0064196
0.412788 0.0058315
0.439987 0.00491384
0.481781 0.00348935
0.498276 0.00292647
0.499435 0.0028869
0.4995 0.0028847

0.001 0.001515
0.00150001 0.00151499
0.00353262 0.00151468
0.00887133 0.00150594
0.0126714 0.00145781
0.014987 0.00135661
0.0171847 0.00117625
0.0201094 0.000887212
0.0241008 0.000575239
0.0292599 0.000268455
0.0336638 4.00216e-05
0.034329 6.7824e-06
0.0344171 2.39911e-06
0.0344653 0
0.0344653 0
0.0345135 2.39911e-06
0.0349548 2.43161e-05
0.036079 7.98242e-05
0.039102 0.000227508
0.0446992 0.000498628
0.0544657 0.000971491
0.0670475 0.00158356
0.0775865 0.00211275
0.085404 0.00257671
0.0907337 0.00304076
0.0944773 0.00350585
0.0971406 0.00380566
0.0994976 0.00386452
0.10207 0.00371945
0.104854 0.00350043
0.108688 0.00323961
0.114551 0.00294269
0.122535 0.00262277
0.133867 0.00220756
0.148631 0.00167577
0.171274 0.000861479
0.192687 9.14251e-05
0.193991 4.45186e-05
0.194806 1.52021e-05
0.195061 6.04065e-06
0.19522 3.14765e-07
0.195229 0
0.195229 0
0.195238 3.14765e-07
0.196034 2.89442e-05
0.200014 0.000172091
0.219917 0.000887827
0.269043 0.00265448
0.300489 0.00378545
0.315095 0.00431212
0.329209 0.00484045
0.337942 0.00524351
0.346777 0.00587615
0.354321 0.00660739
0.361722 0.00729906
0.368136 0.00759082
0.374054 0.00759614
0.383501 0.00736894
0.396564 0.00689847
0.415652 0.00612937
0.444497 0.00492847
0.488737 0.00307324
0.49754 0.00270386
0.498915 0.00264614
0.4995 0.00262159

0.001 0.001545
0.00150001 0.00154499
0.00353411 0.00154468
0.00891905 0.00153556
0.0128518 0.00148161
0.014927 0.00138746
0.0171221 0.00120581
0.0193106 0.000982412
0.0221433 0.000729955
0.0261154 0.000456805
0.0313347 0.000162352
0.0330871 7.10757e-05
0.034181 1.51562e-05
0.0344378 2.12028e-06
0.0344796 0
0.0344796 0
0.0345214 2.12028e-06
0.0353902 4.60117e-05
0.0370743 0.000130361
0.0410256 0.00032618
0.0481588 0.000677848
0.0587636 0.00120158
0.0733772 0.00193181
0.082483 0.00243118
0.0884812 0.00287166
0.0932748 0.00340924
0.0961068 0.00377892
0.0984962 0.00394118
0.100791 0.00387512
0.103216 0.00368893
0.105927 0.00347285
0.109741 0.00322198
0.115717 0.00292319
0.124346 0.00256956
0.135435 0.00214473
0.150742 0.00156512
0.174871 0.000652435
0.186651 0.000206876
0.190332 6.76387e-05
0.191482 2.41271e-05
0.191842 1.05297e-05
0.192066 2.03138e-06
0.19212 0
0.19212 0
0.192174 2.03138e-06
0.193297 4.45232e-05
0.198914 0.000256982
0.226999 0.00131928
0.255083 0.00238157
0.283168 0.00344387
0.299544 0.00406336
0.315284 0.00466032
0.329175 0.00520757
0.337683 0.00561891
0.346363 0.00626849
0.353811 0.00703184
0.360927 0.00775873
0.367108 0.00809649
0.372784 0.00812067
0.380898 0.00792177
0.392617 0.00746171
0.409616 0.00669407
0.435519 0.00547293
0.475011 0.00359128
0.490438 0.00285524
0.499159 0.00243915
0.4995 0.00242288

0.001 0.001575
0.00150001 0.00157499
0.0035356 0.00157467
0.0089692 0.00156515
0.0133835 0.00149262
0.0153977 0.00138202
0.01781 0.00115836
0.0197811 0.000954018
0.0222268 0.00073675
0.0253587 0.000512932
0.0302976 0.000220492
0.0339455 2.59461e-05
0.0342133 1.20352e-05
0.034381 3.34125e-06
0.0344455 0
0.0344455 0
0.0345101 3.34125e-06
0.0351861 3.82572e-05
0.0370999 0.000136233
0.0413133 0.00034948
0.0490124 0.000737233
0.0601921 0.00130152
0.0728926 0.00194996
0.0833685 0.00254231
0.0889752 0.00298236
0.0939606 0.00358082
0.0966981 0.00392793
0.0990601 0.00402962
0.101608 0.00389488
0.104596 0.00363956
0.109686 0.00327048
0.11598 0.00293739
0.12464 0.00255863
0.136248 0.00208099
0.15195 0.00144135
0.176971 0.000422829
0.183189 0.000169738
0.187075 1.15563e-05
0.187227 5.37729e-06
0.187322 1.51543e-06
0.187359 0
0.187359 0
0.187396 1.51543e-06
0.187871 2.08247e-05
0.190243 0.000117371
0.202102 0.000600104
0.261399 0.00301377
0.283822 0.0039265
0.300657 0.00461189
0.315902 0.00523437
0.329096 0.00579453
0.33729 0.0062178
0.344784 0.00679818
0.351418 0.00750941
0.358351 0.00832882
0.365072 0.008871
0.37106 0.00894755
0.377749 0.00877597
0.388143 0.00830535
0.402927 0.00750375
0.42516 0.00622675
0.459324 0.00423264
0.485575 0.00269645
0.494218 0.00219052
0.4995 0.00188136

0.001 0.001605
0.00150001 0.00160499
0.00353711 0.00160467
0.00902202 0.00159471
0.0134512 0.0015186
0.0154843 0.00140201
0.0178201 0.00117943
0.0198807 0.00096206
0.0227333 0.000710058
0.0268661 0.000425482
0.0327558 8.88224e-05
0.0337107 3.77352e-05
0.0342004 1.17484e-05
0.0344057 8.9292e-07
0.0344226 0
0.0344226 0
0.0344395 8.9292e-07
0.0352007 4.09827e-05
0.0374825 0.000159942
0.041683 0.000376499
0.0488937 0.000746738
0.0598633 0.0013112
0.0728353 0.00198622
0.0832796 0.00258714
0.0888841 0.00303247
0.0938691 0.00363868
0.0966075 0.00399719
0.0989596 0.00410907
0.101324 0.00398999
0.10386 0.00376877
0.10703 0.00350735
0.112489 0.0031603
0.119656 0.00280911
0.130563 0.00233475
0.143902 0.00176987
0.163539 0.000940594
0.18087 0.000208815
0.184595 5.15056e-05
0.185759 2.34655e-06
0.185815 4.23516e-22
0.185815 4.23516e-22
0.18587 2.34655e-06
0.191691 0.000248142
0.220797 0.00147712
0.249902 0.00270609
0.27985 0.00397065
0.297457 0.00471417
0.312886 0.00536682
0.326066 0.00593676
0.335293 0.0063942
0.342529 0.00690794
0.349101 0.00758427
0.355367 0.00835188
0.362052 0.00908738
0.367782 0.00934362
0.37315 0.00929888
0.381067 0.00900564
0.392749 0.00839305
0.409708 0.0073948
0.435862 0.00579757
0.475823 0.00333508
0.491415 0.00237332
0.495825 0.00210124
0.498581 0.00193119
0.499443 0.00187805
0.4995 0.00187452

0.001 0.001635
0.00150001 0.00163499
0.00353862 0.00163466
0.00907781 0.00162424
0.0134508 0.00154717
0.0154601 0.00143035
0.0177599 0.00120811
0.0197603 0.000992306
0.0222541 0.000762154
0.0253595 0.000531815
0.0303062 0.000227537
0.0339572 2.52514e-05
0.0342247 1.08124e-05
0.0343923 1.78839e-06
0.0344255 0
0.0344255 0
0.0344588 1.78839e-06
0.0351778 4.03649e-05
0.0374354 0.000160294
0.0418071 0.000389885
0.0486076 0.00074558
0.0590115 0.00129084
0.073797 0.00207552
0.0824613 0.00258104
0.0884126 0.00304313
0.0929443 0.003575
0.0959914 0.00400376
0.0985135 0.00418493
0.100939 0.00408831
0.104418 0.00377583
0.108737 0.00342951
0.11457 0.00307878
0.122552 0.00268841
0.133929 0.00217297
0.148705 0.00151298
0.171469 0.000497456
0.182216 1.80084e-05
0.182426 8.64415e-06
0.182557 2.79152e-06
0.18262 0
0.18262 0
0.182682 2.79152e-06
0.183338 3.20547e-05
0.186618 0.000178371
0.203017 0.00090995
0.285013 0.00456787
0.317736 0.00603149
0.32809 0.00651257
0.336586 0.00697918
0.343467 0.00753495
0.349678 0.0082424
0.356048 0.00908564
0.361757 0.00975434
0.366725 0.0100094
0.3714 0.00998574
0.377954 0.00973865
0.388259 0.00914626
0.40298 0.00816237
0.425165 0.00660306
0.459701 0.0041408
0.486163 0.00224998
0.494881 0.00162696
0.497605 0.00143227
0.499307 0.00131058
0.4995 0.00129682

0.001 0.001665
0.00150001 0.00166499
0.00354013 0.00166465
0.00913693 0.00165373
0.0134662 0.00157513
0.015494 0.00145416
0.0176073 0.00124723
0.0197364 0.00101284
0.0224344 0.000760776
0.0257252 0.000516244
0.0307679 0.000204413
0.0343934 1.1139e-06
0.0344137 0
0.0344137 0
0.034434 1.1139e-06
0.0450506 0.000570645
0.0584729 0.00128681
0.0728194 0.00206087
0.0824563 0.00262956
0.0884687 0.00310598
0.0927968 0.00362162
0.0956324 0.00403368
0.0982149 0.00425817
0.10065 0.00418161
0.103244 0.00394646
0.106358 0.00366069
0.111377 0.00329648
0.118148 0.00291797
0.128292 0.00242239
0.140978 0.00182323
0.159065 0.000972411
0.174354 0.000253407
0.177449 0.000107851
0.179383 1.68781e-05
0.179685 2.66362e-06
0.179742 0
0.179742 0
0.179799 2.66362e-06
0.18131 7.37359e-05
0.188866 0.000429097
0.226647 0.0022059
0.264429 0.00398271
0.296256 0.00547957
0.310029 0.00612804
0.323447 0.00676812
0.33257 0.00724209
0.339269 0.00769065
0.345092 0.00826152
0.350343 0.00892923
0.35625 0.00977053
0.3614 0.0104205
0.365909 0.0106822
0.370167 0.0106676
0.375815 0.0104449
0.38488 0.00987723
0.398016 0.0088932
0.41753 0.00733526
0.448187 0.00483889
0.494873 0.00102244
0.4995 0.000644106

0.001 0.001695
0.00150001 0.00169499
0.00354166 0.00169465
0.00919978 0.00168318
0.013289 0.0016108
0.0153363 0.00149306
0.0175983 0.00127052
0.0199544 0.00100742
0.0243339 0.000623614
0.0297927 0.000264347
0.0339924 2.15393e-05
0.0342298 8.23139e-06
0.0343041 4.07277e-06
0.0343769 0
0.0343769 0
0.0344497 4.07277e-06
0.0348219 2.48663e-05
0.0359446 8.72275e-05
0.0381487 0.000208505
0.0421667 0.000427689
0.0499256 0.000849723
0.0617861 0.00149662
0.0734226 0.00213973
0.0834607 0.00275601
0.0890461 0.0032321
0.094055 0.00388952
0.0966371 0.00424841
0.098861 0.00435574
0.10088 0.00424618
0.103387 0.00399972
0.106797 0.0036733
0.112046 0.00328054
0.119019 0.00287033
0.129733 0.00230765
0.142653 0.0016464
0.161698 0.000674323
0.169912 0.000255106
0.172479 0.0001241
0.174083 4.22218e-05
0.174585 1.66348e-05
0.174898 6.42914e-07
0.174911 0
0.174911 0
0.174923 6.42914e-07
0.17649 8.06023e-05
0.184324 0.000480399
0.223493 0.00247938
0.26732 0.00471607
0.287669 0.00575457
0.302863 0.00653023
0.316977 0.00725344
0.327757 0.00782413
0.33509 0.00826822
0.340882 0.00874219
0.346307 0.00938423
0.351162 0.010096
0.3575 0.0111086
0.361525 0.0116468
0.365132 0.0118475
0.368588 0.0118121
0.373437 0.0115664
0.381642 0.0109088
0.393095 0.00979507
0.41016 0.00800894
0.436099 0.00522586
0.476494 0.000866264
0.484317 2.14664e-05
0.48447 4.96647e-06
0.484516 0
0.484516 0
0.484562 4.96647e-06
0.485326 8.74664e-05
0.489145 0.000499966
0.498695 0.00153121
0.499441 0.00161178
0.4995 0.00161813

0.001 0.001725
0.00150001 0.00172499
0.00354319 0.00172464
0.00926689 0.00171259
0.0132155 0.0016423
0.0153075 0.00152194
0.017336 0.0013228
0.0201017 0.0010088
0.0238186 0.000672548
0.0301523 0.000244432
0.0323088 0.000115979
0.0338515 2.66643e-05
0.0343123 2.87606e-07
0.0343173 0
0.0343173 0
0.0343224 2.87606e-07
0.0354747 6.57844e-05
0.0377964 0.000196299
0.0423703 0.000450771
0.0501297 0.000881171
0.0611144 0.00149208
0.0730883 0.00216611
0.0834033 0.00280954
0.0889863 0.00329247
0.0941292 0.00398094
0.0963196 0.00429976
0.0983631 0.00444279
0.100599 0.00434994
0.10298 0.00411338
0.105717 0.00383334
0.109707 0.00349362
0.116268 0.00305953
0.125308 0.0025505
0.137167 0.00191273
0.15334 0.00104885
0.16633 0.000355331
0.171189 9.58723e-05
0.172708 1.47915e-05
0.172945 2.1226e-06
0.172985 0
0.172985 0
0.173025 2.1226e-06
0.174211 6.5467e-05
0.180143 0.000382189
0.209804 0.0019658
0.24112 0.00363778
0.275532 0.00547503
0.297639 0.00665546
0.31083 0.00736066
0.32353 0.00804862
0.332032 0.00854546
0.337751 0.00895417
0.342694 0.00944697
0.347284 0.0100642
0.352155 0.0108359
0.3587 0.011932
0.361645 0.012317
0.36436 0.012473
0.366994 0.0124632
0.37049 0.0123118
0.376152 0.0118886
0.385137 0.0110078
0.398659 0.00950609
0.418511 0.00719468
0.449413 0.00354483
0.473174 0.000731506
0.476996 0.000278888
0.47819 0.000137444
0.478937 4.90421e-05
0.47917 2.14164e-05
0.479316 4.15036e-06
0.479351 0
0.479351 0
0.479386 4.15036e-06
0.480115 9.04806e-05
0.48376 0.000522132
0.492872 0.00160125
0.498566 0.0022757
0.499456 0.00238108
0.4995 0.00238628

0.001 0.001755
0.00150001 0.00175499
0.00354473 0.00175464
0.0093389 0.00174194
0.0133254 0.00166666
0.0153195 0.00154768
0.0173411 0.00134532
0.0200869 0.00102765
0.0237727 0.000687328
0.0299058 0.000263056
0.0321569 0.000126001
0.0332303 6.24107e-05
0.0342896 4.54938e-07
0.0342974 0
0.0342974 0
0.0343052 4.54938e-07
0.0368091 0.000144735
0.0409944 0.000382464
0.0481848 0.000788672
0.0592899 0.00141726
0.0725052 0.00217323
0.082989 0.00283244
0.0885998 0.00331321
0.0930583 0.00388817
0.0955829 0.0042835
0.0978119 0.00451189
0.0998835 0.00448108
0.102257 0.00425758
0.10484 0.00397557
0.107964 0.00367615
0.113152 0.00327963
0.120443 0.00282241
0.130503 0.00224253
0.143628 0.00149991
0.163291 0.000389555
0.167584 0.000147145
0.168926 7.13916e-05
0.169764 2.40458e-05
0.170026 9.25027e-06
0.17019 3.04024e-09
0.17019 -4.1359e-25
0.17019 -4.1359e-25
0.17019 3.04024e-09
0.171009 4.62392e-05
0.175103 0.00027742
0.195575 0.00143332
0.2872 0.00660689
0.302408 0.00746577
0.316623 0.00827127
0.326898 0.00886945
0.333653 0.00930449
0.338536 0.00969337
0.342149 0.0100791
0.345646 0.010559
0.349621 0.0111985
0.354996 0.0121612
0.358564 0.0128064
0.361033 0.0131766
0.363299 0.0133406
0.365753 0.0133277
0.369444 0.0131192
0.374341 0.0126657
0.382449 0.0117022
0.394704 0.010045
0.412691 0.00748033
0.439964 0.00352485
0.461257 0.000426382
0.462937 0.000181944
0.463986 2.91701e-05
0.46415 5.29915e-06
0.464176 1.56932e-06
0.464187 0
0.464187 0
0.464197 1.56932e-06
0.464325 2.02185e-05
0.464966 0.000113464
0.468169 0.000579692
0.484181 0.0029108
0.492444 0.0041137
0.497608 0.0048655
0.499222 0.00510043
0.4995 0.00514091

0.001 0.001785
0.00150001 0.00178499
0.00354628 0.00178463
0.00941653 0.00177124
0.0133493 0.00169429
0.0153445 0.00157223
0.0175043 0.00134901
0.0194314 0.00111867
0.0236209 0.000710818
0.0290282 0.000322874
0.0330651 7.23264e-05
0.0339504 1.94763e-05
0.0341956 4.92817e-06
0.0342788 0
0.0342788 0
0.034362 4.92817e-06
0.0355959 7.76819e-05
0.0385427 0.000249319
0.0455427 0.000652845
0.0564995 0.00128447
0.06993 0.00206415
0.0801436 0.00269021
0.0867341 0.00319398
0.0916231 0.00375171
0.0951704 0.00430916
0.097634 0.00459546
0.0998783 0.00456296
0.102228 0.00432368
0.10479 0.0040247
0.108031 0.00369282
0.113582 0.00324007
0.121109 0.00273036
0.131342 0.00208527
0.145195 0.0012246
0.15545 0.000588416
0.162438 0.000154923
0.164621 1.94571e-05
0.164792 8.87382e-06
0.164899 2.25927e-06
0.164935 0
0.164935 0
0.164971 2.25927e-06
0.165505 3.5332e-05
0.16817 0.000200696
0.181499 0.00102752
0.243553 0.00487705
0.304745 0.00867389
0.319676 0.00960531
0.327857 0.010133
0.333699 0.0105466
0.337564 0.0108699
0.340563 0.0111855
0.343226 0.0115502
0.345752 0.0119607
0.348827 0.0125181
0.353356 0.0134228
0.35728 0.0142537
0.358674 0.0145465
0.36029 0.0148656
0.360847 0.0149624
0.361107 0.015

0.001 0.001815
0.00150001 0.00181499
0.00354784 0.00181463
0.00950069 0.00180047
0.0133736 0.00172202
0.0153616 0.00159761
0.0176592 0.00135313
0.019984 0.00107387
0.0241668 0.00067785
0.0299236 0.000269588
0.0339235 2.09266e-05
0.0341728 5.88061e-06
0.0342507 1.17883e-06
0.0342703 0
0.0342703 0
0.0342899 1.17883e-06
0.0346807 2.46881e-05
0.0366535 0.000142313
0.0427315 0.00049945
0.0519482 0.00103885
0.0641051 0.00175286
0.0748707 0.00239668
0.0839728 0.00301045
0.0894206 0.00352569
0.0933553 0.00407807
0.0960412 0.00450981
0.0984024 0.0046907
0.100294 0.00459839
0.102291 0.00437949
0.105175 0.00403849
0.10893 0.00366052
0.114826 0.00319012
0.122903 0.00264193
0.133845 0.00193877
0.148546 0.00100307
0.159803 0.000287168
0.163818 3.18509e-05
0.164131 1.19043e-05
0.164229 5.67097e-06
0.164291 1.77514e-06
0.164318 0
0.164318 0
0.164346 1.77514e-06
0.164653 2.12543e-05
0.166184 0.00011865
0.173842 0.000605629
0.212129 0.00304052
0.245042 0.00513365
0.277956 0.00722678
0.298711 0.00854682
0.310104 0.00927224
0.323399 0.0101281
0.329946 0.0105712
0.33494 0.0109476
0.338257 0.0112446
0.340812 0.0115297
0.34329 0.0118844
0.345645 0.0122782
0.348721 0.0128488
0.354354 0.0140113
0.356971 0.0145835
0.359333 0.0150971
0.360243 0.015288
0.360869 0.0154166
0.360999 0.0154419

0.001 0.001845
0.00150001 0.00184499
0.00354941 0.00184462
0.00959257 0.00182957
0.0132805 0.00175471
0.0152892 0.00163049
0.0173323 0.00141561
0.0202189 0.00106412
0.0241351 0.000689841
0.0291624 0.000321581
0.0333762 5.14162e-05
0.0338488 2.21895e-05
0.0341999 5.68917e-07
0.0342091 0
0.0342091 0
0.0342184 5.68917e-07
0.0359903 0.000108707
0.0393811 0.000312829
0.047199 0.000779504
0.0576367 0.00140327
0.071719 0.00225246
0.0825373 0.00296296
0.088363 0.00347878
0.0935916 0.00420328
0.0960823 0.00461208
0.0981842 0.00478658
0.100196 0.00469645
0.102327 0.00445239
0.105475 0.00406662
0.110123 0.00359754
0.116253 0.00310678
0.125401 0.00246412
0.137325 0.00165766
0.153502 0.000569087
0.16001 0.000131324
0.161935 1.84678e-06
0.161962 0
0.161962 0
0.161989 1.84678e-06
0.171613 0.000649233
0.217885 0.00376183
0.244036 0.00552095
0.270187 0.00728007
0.296401 0.00904353
0.308021 0.00982579
0.32159 0.010746
0.328923 0.0112623
0.333725 0.0116301
0.336776 0.0118945
0.338875 0.0121041
0.340386 0.0122801
0.341028 0.0123653
0.341664 0.0124579
0.342405 0.0125739
0.343346 0.0127306
0.344654 0.0129618
0.346832 0.0133748
0.351234 0.0142934
0.357473 0.0157364
0.359134 0.0161404
0.360473 0.0164779
0.360999 0.0166186

0.001 0.001875
0.00150001 0.00187499
0.00355098 0.00187462
0.0096937 0.00185856
0.0131619 0.00178846
0.0152337 0.00166218
0.0172529 0.00144868
0.0194304 0.00117442
0.0225538 0.000839828
0.0269198 0.00048362
0.0328138 8.6386e-05
0.0337466 2.74593e-05
0.0340077 1.10726e-05
0.0341713 8.31177e-07
0.0341845 0
0.0341845 0
0.0341978 8.31177e-07
0.0350193 5.2042e-05
0.0368674 0.000166172
0.042402 0.000503615
0.054341 0.00122899
0.0670422 0.00200455
0.0774705 0.00266137
0.0850781 0.00322227
0.090264 0.00377107
0.0939623 0.00434485
0.0961769 0.00471206
0.0980652 0.00487178
0.100085 0.00478384
0.102226 0.00452822
0.105345 0.0041261
0.1105 0.00358261
0.116924 0.00304595
0.126527 0.00233228
0.138406 0.00147589
0.155263 0.000265237
0.158686 1.94063e-05
0.158954 2.00773e-07
0.158957 0
0.158957 0
0.15896 2.00773e-07
0.160297 9.62285e-05
0.166984 0.000576368
0.200418 0.00297707
0.292695 0.00960315
0.305934 0.0105541
0.319361 0.0115231
0.327021 0.0120891
0.33125 0.0124177
0.334314 0.0126728
0.337811 0.0129999

0.001 0.001905
0.00150001 0.00190499
0.00355257 0.00190461
0.00980617 0.0018874
0.0131324 0.00181864
0.0152887 0.0016847
0.0173274 0.00146316
0.01967 0.00116402
0.0227329 0.000836288
0.0273838 0.000456792
0.033756 2.65746e-05
0.0340039 1.07536e-05
0.0341592 8.65691e-07
0.0341728 0
0.0341728 0
0.0341864 8.65691e-07
0.0349662 5.03085e-05
0.0373394 0.000199166
0.0428038 0.000537652
0.053505 0.00119872
0.0660006 0.00197406
0.0764544 0.00263925
0.084529 0.00322975
0.0898201 0.0037772
0.0944909 0.00451471
0.0965973 0.00485059
0.0984286 0.00495695
0.100283 0.00483586
0.102256 0.00458212
0.104865 0.00422659
0.108097 0.0038415
0.113848 0.00328698
0.12156 0.00265472
0.132163 0.00183378
0.146063 0.000769032
0.151317 0.000366938
0.154468 0.000125798
0.155452 5.04413e-05
0.156068 3.34356e-06
0.156111 0
0.156111 0
0.156155 3.34356e-06
0.159232 0.000238832
0.174617 0.00141628
0.224311 0.00521936
0.254541 0.00753294
0.284772 0.00984653
0.30077 0.0110711
0.32266 0.0127557
0.325762 0.013

0.001 0.001935
0.00150001 0.00193499
0.00355416 0.00193461
0.00993271 0.00191605
0.0130936 0.00184914
0.0153792 0.00170374
0.017643 0.00144599
0.0200495 0.00113665
0.0234662 0.000782324
0.0290425 0.000345125
0.0330203 7.62349e-05
0.0339133 1.8155e-05
0.0341363 3.73856e-06
0.0341942 0
0.0341942 0
0.0342521 3.73856e-06
0.0353737 7.58313e-05
0.0376388 0.000219834
0.0418042 0.000481942
0.0498714 0.000987815
0.0609658 0.00168535
0.0732654 0.00246831
0.0833276 0.00317792
0.0889303 0.00372341
0.093008 0.00431943
0.0956248 0.00478706
0.0974542 0.00500931
0.0991396 0.00500539
0.101372 0.00475763
0.103892 0.00439214
0.107597 0.00390882
0.113336 0.00331069
0.12093 0.0026409
0.131819 0.00173653
0.145629 0.000602125
0.150817 0.000176284
0.152439 4.32093e-05
0.152945 1.6236e-06
0.152965 -2.11758e-22
0.152965 -2.11758e-22
0.152985 1.6236e-06
0.155518 0.000209552
0.168186 0.0012492
0.209412 0.00463274
0.289405 0.011198
0.311353 0.0129999

0.001 0.001965
0.00150001 0.00196499
0.00355576 0.0019646
0.00909866 0.00195239
0.0134181 0.00186416
0.0153888 0.00173002
0.0175923 0.00147588
0.0197041 0.0011975
0.0223876 0.000897432
0.0257103 0.00060252
0.0308142 0.000226145
0.032596 0.000105435
0.0337655 2.78649e-05
0.034051 9.08327e-06
0.0341404 3.21418e-06
0.0341894 0
0.0341894 0
0.0342383 3.21418e-06
0.0346864 3.25605e-05
0.0365531 0.000153775
0.0403821 0.000399316
0.0513618 0.00109912
0.0633006 0.00186248
0.0743169 0.00257824
0.0836036 0.0032523
0.089231 0.00382066
0.0940594 0.00458126
0.0959522 0.00492034
0.0977816 0.00510695
0.0995027 0.00505173
0.101294 0.00482921
0.103359 0.00451592
0.106132 0.0041196
0.11012 0.00363896
0.116976 0.00295759
0.126451 0.00211078
0.138127 0.00109328
0.146392 0.000375105
0.14904 0.000145065
0.150555 1.34051e-05
0.150673 3.1192e-06
0.150709 0
0.150709 0
0.150745 3.1192e-06
0.151337 5.45489e-05
0.154297 0.000311697
0.169098 0.00159745
0.211042 0.00524128
0.300352 0.0129999

0.001 0.001995
0.00150001 0.00199499
0.00355737 0.0019946
0.00939357 0.0019802
0.0132907 0.0018988
0.0152735 0.00176746
0.0173542 0.00153036
0.0201058 0.00116484
0.0238108 0.00077368
0.0302118 0.00026916
0.0323376 0.000121423
0.0332968 5.63544e-05
0.0339358 1.34258e-05
0.0340412 6.37211e-06
0.0341071 1.9636e-06
0.0341365 0
0.0341365 0
0.0341659 1.9636e-06
0.0344961 2.40065e-05
0.0355337 9.28688e-05
0.0380443 0.000257728
0.0420987 0.00052145
0.0493466 0.000991572
0.0599824 0.00168311
0.0728063 0.0025263
0.0829079 0.00325615
0.0887183 0.00382897
0.0936945 0.00459973
0.0959526 0.00501607
0.0979934 0.00520868
0.0999321 0.00509323
0.10216 0.00476702
0.104605 0.00438298
0.108017 0.00391214
0.11379 0.00326069
0.121577 0.00250092
0.132637 0.00147395
0.146796 0.000170094
0.148137 4.66556e-05
0.148556 8.08103e-06
0.148622 2.05375e-06
0.148644 0
0.148644 0
0.148666 2.05375e-06
0.148994 3.21902e-05
0.150631 0.000182872
0.158817 0.000936289
0.189206 0.00373302
0.257032 0.0099754
0.285505 0.0125958
0.289895 0.0129999

0.001 0.002025
0.00150001 0.00202499
0.00355925 0.00202459
0.00921658 0.00201131
0.0131297 0.0019348
0.0151833 0.00180288
0.01712 0.0015851
0.0192142 0.00129864
0.0219206 0.00097293
0.0252432 0.000658992
0.0300507 0.000285713
0.0336704 3.27717e-05
0.0339169 1.60099e-05
0.0341357 1.1594e-06
0.0341528 0
0.0341528 0
0.0341699 1.1594e-06
0.0352708 7.5422e-05
0.0375222 0.000225615
0.0416077 0.000495321
0.048782 0.000967159
0.0593062 0.00166084
0.0744061 0.00267004
0.082319 0.00325182
0.088224 0.0038212
0.0925536 0.00445225
0.0946504 0.00484847
0.0963806 0.00515257
0.0978926 0.00527927
0.099672 0.00518699
0.101549 0.00491673
0.103856 0.00453724
0.107177 0.00404364
0.111975 0.00345405
0.118813 0.00273636
0.128805 0.00175868
0.141793 0.000506897
0.146402 6.32471e-05
0.146951 1.04058e-05
0.147037 2.14936e-06
0.147059 0
0.147059 0
0.147082 2.14936e-06
0.14751 4.34316e-05
0.149655 0.000249843
0.160379 0.00128191
0.192956 0.00441716
0.267048 0.0115479
0.282136 0.013

0.001 0.002055
0.00150001 0.00205499
0.0035612 0.00205458
0.00916425 0.00204151
0.0132171 0.00195988
0.0152345 0.00182521
0.0172681 0.00158881
0.0192392 0.00131406
0.0217455 0.00100543
0.0247927 0.000706614
0.0296576 0.000316586
0.0334797 4.35768e-05
0.0339285 1.25085e-05
0.0340635 3.18334e-06
0.0341097 0
0.0341097 0
0.0341559 3.18334e-06
0.0348339 4.98119e-05
0.0362504 0.000146457
0.0391345 0.000341169
0.0442423 0.000683415
0.0546714 0.00138205
0.0674755 0.00224424
0.0776997 0.00295564
0.0850751 0.00355655
0.0901674 0.00414826
0.0943546 0.0048828
0.096028 0.00519941
0.0974746 0.00536389
0.0990641 0.00533413
0.100817 0.00510147
0.102783 0.00475945
0.105424 0.00431349
0.109094 0.00378019
0.114659 0.00310063
0.122689 0.00222413
0.133546 0.00108135
0.140846 0.00031693
0.142997 9.18373e-05
0.143593 2.94867e-05
0.143779 1.00022e-05
0.143837 3.91327e-06
0.143874 0
0.143874 0
0.143912 3.91327e-06
0.144203 3.43579e-05
0.145657 0.000186581
0.152931 0.000947709
0.178163 0.00358823
0.229287 0.00893808
0.268102 0.013

0.001 0.002085
0.00150001 0.00208499
0.00356316 0.00208458
0.00911612 0.00207168
0.0133582 0.00198219
0.0153163 0.00184458
0.0172575 0.00161385
0.0191686 0.00134318
0.0218713 0.00100611
0.0251961 0.000680863
0.0300964 0.000288053
0.0337451 2.50917e-05
0.0339861 8.18253e-06
0.0340615 2.89853e-06
0.0341029 4.23516e-22
0.0341029 4.23516e-22
0.0341443 2.89853e-06
0.0345223 2.93191e-05
0.0356405 0.000107009
0.0379647 0.000266842
0.0421839 0.000554309
0.0496508 0.00106164
0.0608555 0.00182494
0.0731472 0.00267254
0.083139 0.00343293
0.0888 0.00402314
0.0930324 0.00469466
0.0953692 0.00516185
0.0967821 0.0053891
0.0981558 0.00546008
0.0995983 0.00534996
0.101113 0.00511004
0.103253 0.00471736
0.106493 0.00416544
0.112732 0.00330175
0.119982 0.0024464
0.131063 0.00120664
0.13783 0.000456268
0.140032 0.000212235
0.141128 9.0832e-05
0.141781 1.85131e-05
0.141883 7.21325e-06
0.141946 1.50864e-07
0.141948 0
0.141948 0
0.141949 1.50864e-07
0.142268 3.54628e-05
0.143862 0.000212023
0.151831 0.00109485
0.176594 0.00383805
0.225533 0.00925936
0.2593 0.0129999

0.001 0.002115
0.00150001 0.00211499
0.00356513 0.00211457
0.00904606 0.002102
0.0133843 0.00200971
0.0153322 0.00186996
0.0174596 0.00160878
0.0192285 0.00135387
0.0214689 0.00106577
0.0245321 0.000749917
0.0292459 0.000355329
0.0336283 3.15149e-05
0.0339578 8.0054e-06
0.034039 2.22975e-06
0.0340703 0
0.0340703 0
0.0341016 2.22975e-06
0.0345082 3.11086e-05
0.0359541 0.000133063
0.0387611 0.000328738
0.0447714 0.000744097
0.0566867 0.00156762
0.0703605 0.00251991
0.0803823 0.00325899
0.0866632 0.0038349
0.0913672 0.0044705
0.0944722 0.00506652
0.0961133 0.00538691
0.097628 0.00554432
0.0992041 0.00547396
0.10087 0.00521291
0.102818 0.00483699
0.106191 0.00422255
0.111519 0.00342124
0.118068 0.00257994
0.127233 0.00147522
0.139324 3.88232e-05
0.139592 6.99542e-06
0.139634 2.02233e-06
0.139651 0
0.139651 0
0.139668 2.02233e-06
0.139878 2.68878e-05
0.140926 0.000151215
0.145397 0.000681668
0.161034 0.00253654
0.193706 0.00641231
0.249239 0.0129999

0.001 0.002145
0.00150001 0.00214499
0.00356712 0.00214457
0.0090926 0.00213154
0.0133955 0.00203797
0.0153399 0.00189619
0.0174224 0.00163719
0.0201869 0.00124095
0.0239922 0.00081176
0.028861 0.000390034
0.0328375 8.87503e-05
0.0338994 1.14974e-05
0.0340266 2.30552e-06
0.0340585 0
0.0340585 0
0.0340904 2.30552e-06
0.0347286 4.82673e-05
0.0363489 0.000163968
0.0402926 0.000442125
0.0476136 0.000955123
0.0587988 0.00174031
0.0735171 0.00278611
0.0821498 0.00345612
0.087952 0.00404318
0.0920286 0.00465447
0.0943921 0.00512795
0.095989 0.00545108
0.0973623 0.00561823
0.0987386 0.00559713
0.100209 0.0053945
0.101933 0.00505744
0.104588 0.00452824
0.107989 0.00393162
0.113239 0.00315291
0.120615 0.00217995
0.131126 0.00085049
0.137863 4.17418e-06
0.137896 0
0.137896 0
0.137929 4.17418e-06
0.15464 0.00210212
0.181327 0.00545261
0.236833 0.0124211
0.241443 0.0129999

0.001 0.002175
0.00150001 0.00217499
0.00356912 0.00217456
0.00915894 0.00216093
0.0132105 0.00207575
0.0152124 0.00193562
0.01709 0.00170791
0.0189396 0.00143388
0.021759 0.00106058
0.0254967 0.000679744
0.0306112 0.000256288
0.0323823 0.000121949
0.0336885 2.50896e-05
0.0338712 1.16575e-05
0.0339643 4.82527e-06
0.03403 0
0.03403 0
0.0340958 4.82527e-06
0.0345624 3.89878e-05
0.0359294 0.000138344
0.0385475 0.000326591
0.0428233 0.000631498
0.0499854 0.00114132
0.061197 0.00194162
0.0733348 0.00281907
0.082904 0.00358041
0.0884555 0.00417434
0.0927971 0.00488011
0.0948437 0.00531469
0.0959556 0.00554161
0.0969476 0.00568381
0.0978724 0.00572766
0.0987752 0.00567938
0.0999079 0.00551619
0.101104 0.00527806
0.102588 0.00495664
0.104688 0.00451663
0.107786 0.00393743
0.113153 0.00308138
0.120539 0.00203137
0.130623 0.000652999
0.133975 0.000197419
0.13478 8.81685e-05
0.135193 3.20484e-05
0.135322 1.45109e-05
0.135403 3.55e-06
0.135429 4.23516e-22
0.135429 4.23516e-22
0.135455 3.55e-06
0.135859 5.83547e-05
0.137877 0.000332381
0.147971 0.00170267
0.170021 0.00469613
0.210992 0.0102582
0.231188 0.0129999

0.001 0.002205
0.00150001 0.00220499
0.00357114 0.00220456
0.00906505 0.00219144
0.013368 0.00209692
0.0153027 0.00195369
0.0171929 0.00171681
0.01923 0.00141051
0.0218491 0.00106419
0.0250532 0.000729844
0.0297579 0.000326336
0.0335672 3.35625e-05
0.0338029 1.59741e-05
0.0339229 7.03017e-06
0.033998 1.44026e-06
0.0340174 2.11758e-22
0.0340174 2.11758e-22
0.0340367 1.44026e-06
0.034413 2.93903e-05
0.0353957 0.000101956
0.0372482 0.000237517
0.0408609 0.000499335
0.0518118 0.00128959
0.0637447 0.00215377
0.0746111 0.00295419
0.0838932 0.00372218
0.0893406 0.00435303
0.0934118 0.00507347
0.0953802 0.00550427
0.0968774 0.00575553
0.0982204 0.00579464
0.0996711 0.00562249
0.101218 0.00530682
0.10322 0.00485997
0.106304 0.00422487
0.11097 0.0034087
0.11728 0.00244747
0.127519 0.000983081
0.133685 0.000112146
0.134135 4.87252e-05
0.134416 9.08735e-06
0.13446 2.89394e-06
0.13448 0
0.13448 0
0.134501 2.89394e-06
0.13472 3.3861e-05
0.135818 0.000188697
0.141307 0.000962927
0.160632 0.00368832
0.192037 0.0081175
0.226655 0.013

0.001 0.002235
0.00150001 0.00223499
0.00357317 0.00223455
0.0089856 0.00222184
0.0127995 0.00215127
0.0148309 0.00202535
0.0167891 0.00179847
0.0186672 0.0015144
0.0213206 0.00114193
0.0246548 0.000776495
0.0294625 0.000352241
0.0331786 6.05032e-05
0.0336306 2.61239e-05
0.0338058 1.28476e-05
0.033969 5.04996e-07
0.0339756 0
0.0339756 0
0.0339823 5.04996e-07
0.0348019 6.22227e-05
0.0365089 0.00018956
0.0399295 0.00044186
0.0480287 0.00103539
0.0596417 0.00188812
0.0729327 0.00287528
0.0824493 0.00364737
0.088049 0.00424624
0.0923016 0.00492731
0.0944385 0.00538639
0.0958297 0.0056911
0.0968484 0.00585057
0.0977905 0.00589897
0.098983 0.00580875
0.100217 0.00558342
0.101538 0.00528106
0.10308 0.00491617
0.10559 0.00435987
0.108794 0.00373299
0.115797 0.00255423
0.124374 0.0012294
0.130063 0.000365728
0.13185 9.50752e-05
0.132315 2.46841e-05
0.13244 5.76821e-06
0.132459 2.8126e-06
0.132478 0
0.132478 0
0.132496 2.8126e-06
0.132594 1.75906e-05
0.133082 9.14809e-05
0.135458 0.000451202
0.143031 0.00159722
0.161227 0.00435106
0.193458 0.00922895
0.218374 0.0129999

0.001 0.002265
0.00150001 0.00226499
0.00357521 0.00226455
0.00910934 0.00225085
0.0133305 0.00215649
0.015242 0.00201379
0.0176032 0.00170107
0.0199091 0.00134757
0.0241042 0.00084175
0.0297504 0.000332615
0.0339415 1.85106e-06
0.0339657 0
0.0339657 0
0.0339898 1.85106e-06
0.0417395 0.000583493
0.0549907 0.00156869
0.0682843 0.00256294
0.0783066 0.00334106
0.0854149 0.00399408
0.090496 0.00466827
0.0937592 0.00531035
0.0951519 0.00563198
0.0959265 0.00579791
0.0966883 0.00592148
0.0975425 0.00598279
0.0983869 0.00595168
0.0992509 0.00583399
0.100265 0.00562216
0.101339 0.00535953
0.102986 0.00494492
0.105128 0.00443484
0.108658 0.00368974
0.115501 0.00244972
0.123955 0.00104011
0.129646 0.000106879
0.13001 4.73366e-05
0.130226 1.20657e-05
0.130293 1.04355e-06
0.1303 0
0.1303 0
0.130306 1.04355e-06
0.130643 5.61544e-05
0.132327 0.000331713
0.138787 0.00138792
0.155123 0.00405867
0.18209 0.00846765
0.209811 0.0129999

0.001 0.002295
0.00150001 0.00229499
0.00357727 0.00229454
0.00917162 0.00228028
0.0133381 0.00218516
0.0152494 0.0020404
0.0175845 0.00172689
0.0199017 0.00136619
0.023156 0.000953185
0.0278859 0.000493832
0.0312506 0.000211861
0.032925 7.84555e-05
0.0339036 1.84471e-06
0.0339273 2.11758e-22
0.0339273 2.11758e-22
0.033951 1.84471e-06
0.0358316 0.000147118
0.0401823 0.000477937
0.0511196 0.00130354
0.0629594 0.00220017
0.0741115 0.00305769
0.0837395 0.00388495
0.0890934 0.00452333
0.0929985 0.00522736
0.0951034 0.00571681
0.0959021 0.00589352
0.0966273 0.00601549
0.0973054 0.00607418
0.0979588 0.00607197
0.0987994 0.00598636
0.0997108 0.00580996
0.10067 0.00557305
0.101685 0.00530191
0.102831 0.00499431
0.104672 0.00452225
0.107397 0.00388757
0.111207 0.00309915
0.117418 0.00193557
0.127327 0.000167131
0.128109 2.87184e-05
0.128263 1.56621e-06
0.128272 0
0.128272 0
0.12828 1.56621e-06
0.129048 0.000137327
0.131445 0.000561383
0.138374 0.00178611
0.155274 0.004773
0.182263 0.00954365
0.201816 0.0129999

0.001 0.002325
0.00150001 0.00232499
0.00357934 0.00232454
0.00939274 0.00230842
0.0133152 0.00221535
0.0152194 0.00207079
0.0172408 0.00180375
0.0190961 0.00150668
0.0217509 0.00113068
0.0256294 0.000707221
0.0309553 0.000236149
0.0326926 9.50812e-05
0.033654 1.84776e-05
0.0337707 9.23741e-06
0.033833 4.3042e-06
0.0338875 0
0.0338875 0
0.0339419 4.3042e-06
0.0342542 2.89706e-05
0.0355248 0.000128645
0.0383413 0.000346974
0.0432204 0.000721624
0.0518245 0.0013814
0.0633805 0.00227062
0.0744174 0.00313376
0.0836783 0.00394348
0.0889606 0.00457867
0.0926033 0.00522919
0.0944992 0.00566968
0.0960528 0.00602917
0.0970163 0.00616191
0.0979157 0.00617031
0.0988 0.00606739
0.0997586 0.00585933
0.100774 0.00558352
0.101923 0.00525114
0.103384 0.00483371
0.105983 0.00414514
0.109547 0.0033085
0.115068 0.00215186
0.123318 0.000530074
0.124697 0.00026258
0.125775 5.36718e-05
0.125972 1.56277e-05
0.126033 3.73897e-06
0.126052 4.23516e-22
0.126052 4.23516e-22
0.126072 3.73897e-06
0.126379 6.31828e-05
0.127588 0.000297182
0.131534 0.00106006
0.143886 0.00344654
0.163115 0.00716222
0.193323 0.0129999

0.001 0.002355
0.00150001 0.00235499
0.00358142 0.00235453
0.0101802 0.00233022
0.0129386 0.00226232
0.0151879 0.00210172
0.0170211 0.00186203
0.0190407 0.00153524
0.0217372 0.00114677
0.0253627 0.000742025
0.0304399 0.000281132
0.0321479 0.000139218
0.0332718 4.78648e-05
0.0338536 1.05503e-06
0.0338667 0
0.0338667 0
0.0338799 1.05503e-06
0.0353495 0.000118161
0.0385158 0.000366947
0.044506 0.000832898
0.0535267 0.00153427
0.0658009 0.00249271
0.0760506 0.00331189
0.0844579 0.00407957
0.0895365 0.00473015
0.0930349 0.00539714
0.0953366 0.00595728
0.0959683 0.00609969
0.09655 0.00620032
0.0970985 0.0062547
0.0977943 0.00625875
0.0985305 0.00618458
0.0992853 0.00603657
0.100072 0.00583185
0.100899 0.00559033
0.101812 0.005314
0.103055 0.00494187
0.104719 0.00446782
0.107156 0.00382947
0.112591 0.00257451
0.119685 0.00108499
0.124902 1.85031e-05
0.124973 4.12743e-06
0.124993 0
0.124993 0
0.125014 4.12743e-06
0.125367 7.60059e-05
0.126769 0.000361453
0.130779 0.00117646
0.143185 0.00369655
0.162373 0.00759531
0.188972 0.0129998

0.001 0.002385
0.00150001 0.00238499
0.00358353 0.00238453
0.0100355 0.00236181
0.0130037 0.00228869
0.0151837 0.00212958
0.0171181 0.00187091
0.0190119 0.00155927
0.0215226 0.00118863
0.0246758 0.000820959
0.0296996 0.000346856
0.0335994 1.96892e-05
0.0338273 1.12456e-06
0.0338412 0
0.0338412 0
0.033855 1.12456e-06
0.0346028 6.17464e-05
0.0362261 0.000192131
0.0395018 0.000452189
0.0466878 0.00101859
0.0576872 0.00188676
0.0718106 0.00301189
0.081341 0.0038269
0.0872973 0.00447517
0.091743 0.00519667
0.0939841 0.00570573
0.0955422 0.00609977
0.096083 0.00621906
0.0965863 0.0063026
0.0971539 0.00635278
0.0977277 0.00635109
0.0983673 0.00628792
0.0992607 0.00610566
0.1002 0.00583928
0.101201 0.00552323
0.102303 0.00516897
0.10386 0.00468458
0.106379 0.00396102
0.1096 0.00312872
0.115473 0.00175698
0.119726 0.000811384
0.1218 0.000355352
0.122769 0.000143015
0.12313 6.40851e-05
0.123355 1.47543e-05
0.123414 1.87909e-06
0.123422 2.11758e-22
0.123422 2.11758e-22
0.123431 1.87909e-06
0.123725 6.62552e-05
0.125197 0.000388153
0.129545 0.00133733
0.143728 0.00443104
0.16289 0.00861186
0.183 0.013

0.001 0.002415
0.00150001 0.00241499
0.00358564 0.00241452
0.0100044 0.00239199
0.0130105 0.00231764
0.0152151 0.00215383
0.0170702 0.00190273
0.0189721 0.00158544
0.0217339 0.00117492
0.0251767 0.000777448
0.0303399 0.000292947
0.0321185 0.000140752
0.0337349 5.93782e-06
0.0337855 1.75823e-06
0.0338068 0
0.0338068 0
0.0338281 1.75823e-06
0.0340815 2.26564e-05
0.0353574 0.00012718
0.0386389 0.000392436
0.0450231 0.000903409
0.0550341 0.00170475
0.0678579 0.00273684
0.0778964 0.00357282
0.0851188 0.00427715
0.0902415 0.00499189
0.0935536 0.00568769
0.0951155 0.0060922
0.0956751 0.00623301
0.0961087 0.00632835
0.0965678 0.00640448
0.0970489 0.00644859
0.0977102 0.00644441
0.0984003 0.00636179
0.0992664 0.0061609
0.100191 0.00587339
0.101177 0.0055361
0.102253 0.00516358
0.103588 0.00471474
0.105498 0.00411094
0.108666 0.00320088
0.114747 0.00163874
0.118761 0.000662332
0.12072 0.000191771
0.121299 5.29603e-05
0.121511 2.24505e-06
0.12152 0
0.12152 0
0.12153 2.24505e-06
0.12259 0.000255828
0.125871 0.00103893
0.133993 0.00297404
0.148568 0.0064472
0.170655 0.0117117
0.17606 0.013

0.001 0.002445
0.00150001 0.00244499
0.00358777 0.00244452
0.00997518 0.00242214
0.0129806 0.00234823
0.0150147 0.00220249
0.0170515 0.00193019
0.0189735 0.00160517
0.0217487 0.00118729
0.0252105 0.000782842
0.0303932 0.000290582
0.0321499 0.000138327
0.0333033 4.0577e-05
0.0336419 1.21381e-05
0.0337479 3.25133e-06
0.0337868 4.23516e-22
0.0337868 4.23516e-22
0.0338256 3.25133e-06
0.0343576 4.76871e-05
0.0358345 0.000170026
0.0388952 0.000420527
0.0473607 0.00110738
0.058411 0.00200527
0.0728204 0.00318887
0.0820933 0.00401691
0.0877181 0.00466785
0.0921612 0.00544385
0.0943178 0.00597222
0.0951739 0.00620332
0.0959282 0.00639215
0.0966295 0.00651348
0.0972821 0.00655019
0.0979124 0.00651116
0.0987026 0.00636553
0.0993737 0.00617319
0.100087 0.00592874
0.100838 0.00565199
0.101652 0.00534621
0.102686 0.00496245
0.10398 0.00449978
0.105918 0.00384923
0.109984 0.00261695
0.115944 0.000980219
0.118051 0.000421295
0.119507 3.74739e-05
0.119617 8.55686e-06
0.119634 4.03857e-06
0.11965 0
0.11965 0
0.119665 4.03857e-06
0.119751 2.663e-05
0.120181 0.000139588
0.122335 0.00070451
0.127709 0.002109
0.140618 0.00548063
0.158086 0.0100455
0.16939 0.0129998

0.001 0.002475
0.00150001 0.00247499
0.00358992 0.00247452
0.00994768 0.00245227
0.0129745 0.00237775
0.0150901 0.0022224
0.0170355 0.00195705
0.0196095 0.00151867
0.0231193 0.00102698
0.0283887 0.000475739
0.031927 0.000157567
0.0336235 1.19344e-05
0.0337094 4.64022e-06
0.0337641 0
0.0337641 0
0.0338188 4.64022e-06
0.0342493 4.11121e-05
0.0364263 0.000223633
0.0410407 0.000604984
0.0516326 0.00147597
0.0634316 0.00244971
0.0743742 0.00336748
0.083209 0.004189
0.0885561 0.00485687
0.0925037 0.0055995
0.0944058 0.00608511
0.0951421 0.0062895
0.0956793 0.00643266
0.0960132 0.00651136
0.09635 0.00657518
0.0967163 0.00662175
0.0973491 0.00663991
0.0979634 0.00658253
0.0986644 0.0064336
0.0993419 0.00622095
0.100053 0.0059557
0.100804 0.00565652
0.101639 0.00531839
0.102652 0.00491399
0.103945 0.00441633
0.10591 0.00370606
0.109096 0.00265193
0.115632 0.000688397
0.117738 8.00405e-05
0.117888 3.69501e-05
0.117982 1.00187e-05
0.118011 1.60263e-06
0.118016 0
0.118016 0
0.118022 1.60263e-06
0.118168 4.36829e-05
0.118902 0.000254093
0.120868 0.000816728
0.127465 0.00269709
0.139607 0.00615558
0.156539 0.0109816
0.163619 0.0129999

0.001 0.002505
0.00150001 0.00250499
0.00359212 0.00250451
0.00992128 0.00248239
0.0129775 0.00240686
0.0149828 0.00226139
0.0168777 0.00200738
0.0189149 0.00165476
0.0215794 0.00123821
0.0248974 0.000833297
0.0298273 0.000344974
0.0335085 1.86902e-05
0.033629 8.29392e-06
0.0337044 1.79631e-06
0.0337253 -2.11758e-22
0.0337253 -2.11758e-22
0.0337461 1.79631e-06
0.0341241 3.4285e-05
0.036033 0.000196838
0.040474 0.000569444
0.0486813 0.00125365
0.0596056 0.00216653
0.0728049 0.00328185
0.0819652 0.00412117
0.0875454 0.00477834
0.0919292 0.00554985
0.0942303 0.00612657
0.0952568 0.0064179
0.095673 0.00653123
0.0959798 0.00660613
0.0962939 0.00666857
0.0965947 0.0067109
0.0969924 0.00673775
0.0977007 0.00670306
0.0984713 0.00655305
0.0989889 0.00639526
0.0995765 0.00617696
0.100247 0.00590142
0.100968 0.00559301
0.101958 0.00516823
0.103142 0.00467318
0.104967 0.00394967
0.107733 0.00294153
0.112914 0.00123159
0.116474 0.000119153
0.116712 4.54743e-05
0.116787 2.24498e-05
0.116833 8.05952e-06
0.116848 3.56257e-06
0.116859 0
0.116859 0
0.116871 3.56257e-06
0.116944 2.60474e-05
0.117308 0.000138473
0.118443 0.000487678
0.12098 0.0012652
0.125888 0.0027639
0.135912 0.00582348
0.150973 0.0104247
0.1594 0.0129998

0.001 0.002535
0.00150001 0.00253499
0.00359455 0.00253451
0.00989433 0.00251252
0.0129865 0.00243569
0.0150008 0.00228734
0.0168505 0.00203651
0.0186443 0.00172257
0.0210008 0.00133623
0.0239271 0.000953485
0.0282167 0.000501304
0.0317799 0.000171107
0.0334514 2.34347e-05
0.0336575 5.43955e-06
0.0336897 2.62784e-06
0.0337199 0
0.0337199 0
0.03375 2.62784e-06
0.0339114 1.66865e-05
0.0347219 8.69894e-05
0.03695 0.000278146
0.0413103 0.000647713
0.0478238 0.00119744
0.0584461 0.00209592
0.073164 0.003355
0.0821945 0.00419708
0.0877104 0.00486237
0.0929257 0.00585687
0.0943982 0.00625557
0.0952399 0.00650116
0.0957722 0.00664872
0.096067 0.0067189
0.0963266 0.00676802
0.0965998 0.00680414
0.0970308 0.00682629
0.0975041 0.00680224
0.0980588 0.0067131
0.0986395 0.00655504
0.0991135 0.00638462
0.0997497 0.00611832
0.10042 0.00581575
0.101529 0.0053036
0.102739 0.00475428
0.104316 0.00407075
0.106826 0.00306255
0.110817 0.00160233
0.11377 0.000584624
0.115169 0.00011192
0.115374 4.305e-05
0.115502 6.61556e-09
0.115502 0
0.115502 0
0.115502 6.61556e-09
0.116144 0.00021523
0.119104 0.00120132
0.126501 0.00364978
0.138127 0.00749696
0.154094 0.0127862
0.154739 0.0129998

0.001 0.002565
0.00150001 0.00256499
0.003597 0.0025645
0.00986909 0.00254263
0.0130016 0.00246422
0.0151076 0.00230358
0.0169271 0.00204838
0.0195095 0.00159032
0.0230592 0.00106915
0.0279469 0.000531597
0.0312988 0.000214183
0.0329917 6.1635e-05
0.0334145 2.40649e-05
0.0336791 6.49705e-07
0.0336865 0
0.0336865 0
0.0336938 6.49705e-07
0.0350271 0.000117749
0.0379801 0.000373489
0.0434854 0.000845041
0.0554168 0.00186621
0.068506 0.00299337
0.0783133 0.00387015
0.0853906 0.00461663
0.0901 0.00532102
0.0932846 0.00602989
0.0944687 0.00636396
0.0951022 0.00655406
0.0956791 0.00672252
0.0960073 0.00680645
0.096315 0.00686659
0.0966278 0.00690419
0.0969662 0.00691707
0.0973863 0.00689421
0.0978588 0.00682006
0.0984007 0.00667629
0.0990021 0.00645237
0.0996296 0.00616962
0.100461 0.00576219
0.101443 0.00527028
0.102486 0.00475584
0.103753 0.00415415
0.105469 0.00338298
0.108579 0.00209247
0.11147 0.000973863
0.113108 0.000359935
0.11387 7.77511e-05
0.114072 3.04078e-06
0.114081 0
0.114081 0
0.114089 3.04078e-06
0.115105 0.000376625
0.11735 0.00119649
0.122985 0.00323772
0.134799 0.00751145
0.149331 0.0127765
0.149947 0.0129997

0.001 0.002595
0.00150001 0.00259499
0.00359947 0.0025945
0.00984543 0.00257273
0.0130214 0.00249251
0.0151433 0.00232724
0.017011 0.00205855
0.0190201 0.00169485
0.0216351 0.00127237
0.0248706 0.00086247
0.0297848 0.000355698
0.0335324 1.01152e-05
0.0335919 4.78336e-06
0.0336452 0
0.0336452 0
0.0336985 4.78336e-06
0.0339962 3.14429e-05
0.0350351 0.000123933
0.0375807 0.000347904
0.0416825 0.000705013
0.048958 0.00133652
0.059744 0.00227518
0.073097 0.00345082
0.0820713 0.00430967
0.0876977 0.00500488
0.0928616 0.00601672
0.094093 0.0063591
0.0950377 0.00664921
0.0954952 0.00679083
0.0958078 0.00688129
0.0960049 0.00693134
0.0962198 0.00697497
0.0966184 0.00702048
0.0970012 0.00702086
0.0973914 0.00698027
0.0978197 0.00689155
0.0983084 0.00673779
0.0988287 0.00651908
0.0994107 0.00622487
0.100024 0.00588672
0.100696 0.00550351
0.101619 0.00497747
0.10266 0.00439682
0.103945 0.00370847
0.105693 0.00282239
0.10836 0.00156369
0.110478 0.000618128
0.111458 0.000191538
0.11172 7.86027e-05
0.111884 8.02082e-06
0.111894 3.29946e-06
0.111902 0
0.111902 0
0.11191 3.29946e-06
0.111965 2.69063e-05
0.112239 0.000144943
0.113623 0.000735372
0.116765 0.00205935
0.124273 0.00519452
0.13645 0.0102846
0.142934 0.0129996

0.001 0.002625
0.00150001 0.00262499
0.00360196 0.00262449
0.00982325 0.00260281
0.0130276 0.00252144
0.0151288 0.00235649
0.0169622 0.00209133
0.0187024 0.00177252
0.0210385 0.0013749
0.0239742 0.000976538
0.0286127 0.000471733
0.0324169 0.000108453
0.0332712 3.0071e-05
0.0335575 3.977e-06
0.0336013 0
0.0336013 0
0.033645 3.977e-06
0.0350889 0.00013448
0.0390743 0.000488899
0.0464909 0.00114195
0.0568501 0.00205525
0.0706672 0.00328296
0.0800077 0.0041592
0.0862953 0.00487848
0.0909029 0.00564574
0.0931292 0.00617797
0.0948575 0.00669625
0.0953678 0.00686108
0.0957298 0.00697334
0.0959892 0.00704356
0.0962779 0.00709949
0.0965809 0.00712724
0.0967859 0.00712725
0.0969876 0.00711276
0.0976111 0.00698476
0.0982244 0.00674715
0.0988434 0.00641071
0.0993837 0.00606285
0.0999516 0.00567154
0.100555 0.0052456
0.10131 0.00471201
0.102169 0.00411538
0.103244 0.00339311
0.104552 0.00255297
0.106488 0.00138199
0.108376 0.00030502
0.108845 4.52968e-05
0.108903 1.32972e-05
0.108921 3.29735e-06
0.108927 0
0.108927 0
0.108933 3.29735e-06
0.109024 5.32967e-05
0.10948 0.000303311
0.111002 0.00112413
0.116563 0.00403886
0.124987 0.00841277
0.133784 0.0129997

0.001 0.002655
0.00150001 0.00265499
0.00360447 0.00265449
0.00980245 0.00263287
0.0130325 0.00255044
0.0151198 0.00238515
0.0168929 0.00212781
0.0186559 0.00180156
0.0210208 0.00139309
0.0239609 0.000988863
0.0284547 0.000492402
0.032126 0.000136025
0.0329639 5.79312e-05
0.0335395 4.74849e-06
0.0335911 0
0.0335911 0
0.0336427 4.74849e-06
0.0350855 0.000136726
0.0389604 0.000485569
0.0466967 0.00117506
0.0569032 0.00208588
0.0706363 0.00332094
0.0799827 0.00420806
0.0863725 0.00494902
0.0905716 0.00564643
0.0933909 0.00632954
0.0944415 0.00664962
0.0950283 0.00684279
0.0954308 0.0069772
0.0957011 0.00706441
0.0959642 0.00714
0.096203 0.00719065
0.0964198 0.00721648
0.0966203 0.00722093
0.0967847 0.00720981
0.0969545 0.00718472
0.0976666 0.00694311
0.0984236 0.00647026
0.099202 0.00581533
0.100035 0.00503435
0.100974 0.00413653
0.101978 0.00319426
0.103147 0.00214153
0.105291 0.000348572
0.105609 9.6331e-05
0.105679 4.13179e-05
0.105723 6.93482e-06
0.10573 1.56246e-06
0.105732 0
0.105732 0
0.105734 1.56246e-06
0.105768 2.84242e-05
0.10594 0.00016246
0.106815 0.000832826
0.108323 0.00194772
0.111632 0.00428453
0.117258 0.00816385
0.122755 0.011974
0.124227 0.0129997

0.001 0.002685
0.00150001 0.00268499
0.003607 0.00268448
0.00978295 0.00266293
0.0130524 0.00257867
0.0151056 0.00241437
0.016984 0.00213619
0.0189623 0.00176353
0.0216623 0.00130922
0.0250272 0.000868703
0.0300273 0.000336201
0.031792 0.00016498
0.0327822 7.10741e-05
0.0334504 8.3839e-06
0.0335034 3.42944e-06
0.0335401 4.23516e-22
0.0335401 4.23516e-22
0.0335768 3.42944e-06
0.0338424 2.82021e-05
0.0346583 0.000103921
0.0364469 0.000268298
0.0403098 0.000619156
0.0472353 0.00124465
0.0575945 0.00218209
0.0716695 0.00346732
0.0807552 0.00435171
0.086799 0.00508234
0.0908896 0.00579586
0.0933933 0.00642425
0.0945009 0.00677108
0.0952173 0.00701657
0.0955992 0.00714867
0.0959634 0.00726219
0.096169 0.00730806
0.0963491 0.00733109
0.0965083 0.00733433
0.0966817 0.00731553
0.0968469 0.00727447
0.0970253 0.00720601
0.0972253 0.0071008
0.0977903 0.00664586
0.0983368 0.00600008
0.0989383 0.00512108
0.0996133 0.00402769
0.100396 0.00271158
0.101326 0.00116379
0.101896 0.000253191
0.102025 5.15142e-05
0.102045 2e-05
0.102058 3.03516e-07
0.102058 0
0.102058 0
0.102058 3.03516e-07
0.102122 9.8785e-05
0.102447 0.000591033
0.10307 0.00149751
0.104105 0.00288939
0.10579 0.00491464
0.108525 0.00787437
0.112229 0.0117826
0.113363 0.0129992

0.001 0.002715
0.00150001 0.00271499
0.00360955 0.00271448
0.00976467 0.00269297
0.0130703 0.00260695
0.0150929 0.00244341
0.0168672 0.00218123
0.0187766 0.0018184
0.0212536 0.00138541
0.0243355 0.000960525
0.0291279 0.000428338
0.0332505 2.44012e-05
0.0334636 4.2119e-06
0.0335081 0
0.0335081 0
0.0335526 4.2119e-06
0.0346249 0.000105173
0.0368668 0.000313672
0.0416136 0.000749661
0.0509 0.00159956
0.0626721 0.00268072
0.0739039 0.00372739
0.0824502 0.00459838
0.0878613 0.00531349
0.091848 0.00609598
0.094285 0.00679626
0.0949625 0.00703163
0.0953626 0.00717696
0.0956875 0.00729436
0.0959673 0.00738613
0.0961704 0.00743588
0.0962806 0.00745311
0.0963758 0.00745998
0.0966266 0.00741416
0.0967417 0.00734482
0.0969776 0.00709522
0.0971917 0.00672683
0.0973833 0.00624242
0.0975496 0.00564687
0.0977343 0.00464731
0.097864 0.00337832
0.0979022 0.0014745
0.0978694 0.000679664
0.0978219 3.4054e-05
0.0978199 1.16868e-05
0.0978193 4.697e-06
0.0978189 0
0.0978189 0
0.0978185 4.697e-06
0.0978153 3.96458e-05
0.0977986 0.000214371
0.0976936 0.00108555
0.0974375 0.00249372
0.096831 0.00445702
0.096263 0.0055439
0.0958287 0.00610155
0.0952861 0.0065824
0.0945923 0.0069994
0.0937229 0.00739195
0.0925709 0.00784296
0.0912008 0.00836833
0.0895453 0.00903746
0.0866864 0.0103097
0.0830051 0.012115
0.0822524 0.0124998

0.001 0.002745
0.00150001 0.00274499
0.00361213 0.00274447
0.00974754 0.002723
0.013089 0.00263516
0.0151246 0.00246727
0.0169221 0.00219576
0.0190605 0.00178303
0.0219005 0.00129991
0.0260512 0.000763839
0.031526 0.000188491
0.0332933 1.67974e-05
0.0334105 5.54705e-06
0.0334472 2.03132e-06
0.0334683 0
0.0334683 0
0.0334895 2.03132e-06
0.033673 1.961e-05
0.0345956 0.000107519
0.0364427 0.000281671
0.0404312 0.00065323
0.0502693 0.00156498
0.0620931 0.00266432
0.0737866 0.00376689
0.0823547 0.00464911
0.087873 0.00538561
0.0918316 0.0061721
0.0939319 0.00677112
0.0947019 0.00703595
0.0951362 0.00719637
0.09545 0.00731579
0.0957693 0.00743787
0.0959456 0.00750151
0.0959999 0.00751944

0.001 0.002775
0.00150001 0.00277499
0.00361473 0.00277447
0.0097315 0.00275305
0.0131126 0.00266316
0.0151654 0.00249001
0.0168634 0.00223082
0.0190869 0.00179689
0.0220741 0.00128688
0.0259151 0.000786042
0.0313111 0.000209086
0.0330759 3.49472e-05
0.0333359 9.62845e-06
0.0333881 4.55761e-06
0.033435 0
0.033435 0
0.0334819 4.55761e-06
0.0337432 2.99121e-05
0.0350598 0.000156731
0.0382734 0.000461937
0.04518 0.00111098
0.0560217 0.00213035
0.0694512 0.00340161
0.078885 0.00433366
0.0858768 0.00515965
0.0904098 0.00593082
0.093433 0.00670847
0.0944396 0.00704689
0.0950975 0.00729507
0.0954281 0.00742797
0.095663 0.0075267
0.0958661 0.00761325
0.0959977 0.00766625
0.0959992 0.0076668

0.001 0.002805
0.00150001 0.00280499
0.00361735 0.00280446
0.00971648 0.00278312
0.0131441 0.00269084
0.0152576 0.00250642
0.0169935 0.00223139
0.0190164 0.0018297
0.0216696 0.00136133
0.0249638 0.000907351
0.0298781 0.000355178
0.0316268 0.000176192
0.0332352 1.60198e-05
0.0333369 6.00152e-06
0.0333687 2.87082e-06
0.0333978 0
0.0333978 0
0.033427 2.87082e-06
0.0335862 1.85244e-05
0.0343861 9.68033e-05
0.0360357 0.000256676
0.039532 0.000591405
0.0485739 0.00145115
0.0595368 0.0024961
0.0745868 0.00395144
0.0823683 0.00477848
0.0878431 0.00552713
0.0914647 0.00624906
0.0938171 0.00692391
0.0947032 0.00724395
0.0952215 0.00745253
0.095486 0.0075671
0.095742 0.00768576
0.0959341 0.00777628
0.095999 0.00780554

0.001 0.002835
0.00150001 0.00283499
0.00361999 0.00283446
0.00970244 0.00281317
0.0132078 0.00271675
0.0154418 0.00251035
0.0173388 0.00218942
0.0190406 0.00184501
0.0213493 0.00142728
0.0247543 0.000943294
0.0294362 0.000405273
0.0331179 2.71754e-05
0.0333446 4.57639e-06
0.0333906 0
0.0333906 0
0.0334365 4.57639e-06
0.0341364 7.40031e-05
0.0359405 0.000251112
0.03988 0.000632598
0.0474048 0.0013564
0.0581868 0.00239567
0.0724291 0.00378258
0.0811707 0.00469586
0.0869857 0.00545441
0.0912318 0.00626641
0.0935861 0.00693102
0.0944109 0.00722395
0.0950385 0.00747518
0.0953369 0.00760631
0.09549 0.00767801
0.0957745 0.00782187
0.095999 0.00794223

0.001 0.002865
0.00150001 0.00286499
0.00362266 0.00286446
0.00968932 0.00284321
0.0132813 0.00274196
0.0151684 0.00257352
0.0168699 0.00230451
0.0190974 0.00185259
0.0220983 0.00132163
0.0259355 0.000803376
0.0313821 0.000199791
0.0331257 2.13702e-05
0.0333035 3.39474e-06
0.0333372 0
0.0333372 0
0.0333708 3.39474e-06
0.0340696 7.36816e-05
0.0356049 0.000226631
0.0405563 0.000712459
0.0506918 0.00170068
0.0625762 0.00286349
0.07398 0.00399576
0.0823839 0.00490735
0.0878484 0.00567345
0.0916089 0.00645008
0.0936027 0.00703828
0.0944323 0.0073417
0.0952204 0.00767744
0.0955021 0.00781635
0.0958118 0.00799025
0.0959997 0.00811032

0.001 0.002895
0.00150001 0.00289499
0.00362535 0.00289445
0.00967709 0.00287325
0.0133597 0.00276671
0.0152133 0.00259617
0.0171689 0.00227181
0.0191148 0.00186938
0.0216358 0.00140943
0.0247767 0.000957943
0.0295425 0.000398312
0.0332742 6.67462e-06
0.0333379 1.7487e-07
0.0333396 0
0.0333396 0
0.0333414 1.7487e-07
0.0336606 3.2674e-05
0.0352717 0.000195252
0.0385193 0.000518264
0.0452507 0.0011814
0.0563069 0.00227149
0.069904 0.00362181
0.0791884 0.00458681
0.0858618 0.00541588
0.0903012 0.00620138
0.0928791 0.00687097
0.0944581 0.0074266
0.0950633 0.00768677
0.0954518 0.00787877
0.0957233 0.00803398
0.0959449 0.00818121
0.0959993 0.00822253

0.001 0.002925
0.00150001 0.00292499
0.00362806 0.00292445
0.00966571 0.00290327
0.0134183 0.0027925
0.0152519 0.00261949
0.0174291 0.00224367
0.0195302 0.00180474
0.0222638 0.00132244
0.0256991 0.000846977
0.0311551 0.000223255
0.0329098 3.86779e-05
0.0331767 1.09796e-05
0.0332603 2.32404e-06
0.0332828 0
0.0332828 0
0.0333052 2.32404e-06
0.0336736 4.03753e-05
0.0355353 0.000230762
0.039403 0.000620249
0.0504923 0.00172838
0.0622277 0.00290495
0.0740267 0.00410521
0.0823168 0.00502594
0.0877701 0.00580492
0.0921526 0.00676316
0.0942121 0.00745218
0.0952268 0.00790786
0.0955245 0.00807346
0.0957748 0.00823664
0.0959893 0.00841103
0.095999 0.00842049

0.001 0.002955
0.00150001 0.00295499
0.0036308 0.00295445
0.00965513 0.00293329
0.0134515 0.00281979
0.0152731 0.00264489
0.0174923 0.00225449
0.0195237 0.00182483
0.0221451 0.00135457
0.0253258 0.000902866
0.0303704 0.000309789
0.0320929 0.000124239
0.0332386 3.48839e-06
0.0332719 0
0.0332719 0
0.0333052 3.48839e-06
0.0355104 0.00023193
0.0395511 0.000643352
0.046838 0.00137956
0.057117 0.00241997
0.0707786 0.00381382
0.0797374 0.0047763
0.0861594 0.00560907
0.0907381 0.00647145
0.0931423 0.00714834
0.0950105 0.0079015
0.0955759 0.00822139
0.0959757 0.00853929
0.0959999 0.00856429

0.001 0.002985
0.00150001 0.00298498
0.00363356 0.00298444
0.00964533 0.0029633
0.0134906 0.00284664
0.0152914 0.00267062
0.0175646 0.00226297
0.0193629 0.00187657
0.0217245 0.0014365
0.024577 0.00101043
0.0291994 0.000442322
0.0313358 0.000205174
0.0330632 1.9823e-05
0.0331862 6.78654e-06
0.0332247 2.71266e-06
0.0332503 0
0.0332503 0
0.0332759 2.71266e-06
0.0334685 2.30822e-05
0.0344373 0.000124951
0.0363281 0.00032157
0.0406393 0.000764239
0.049853 0.00170569
0.0613838 0.00288767
0.0737434 0.00417184
0.0820638 0.00511178
0.0875616 0.00590318
0.0913815 0.0067079
0.094129 0.00760132
0.095168 0.00808971
0.0958094 0.00852049
0.0959996 0.00870886

