0.001 1.5e-05
0.00150001 1.49999e-05
0.00352681 1.49963e-05
0.00868406 1.48988e-05
0.013293 1.40476e-05
0.0155371 1.2703e-05
0.0185006 1.01676e-05
0.0215173 7.83456e-06
0.0253133 5.46073e-06
0.0301175 3.02033e-06
0.0368388 0
0.0368388 0
0.04356 3.02033e-06
0.0506243 6.35499e-06
0.0618661 1.16745e-05
0.0733362 1.7182e-05
0.0854568 2.40187e-05
0.0909775 2.90993e-05
0.0952285 3.46274e-05
0.0984313 3.7009e-05
0.101381 3.48851e-05
0.104665 3.04272e-05
0.109526 2.47601e-05
0.116124 1.89471e-05
0.126092 1.13924e-05
0.13748 3.05327e-06
0.141662 0
0.141662 0
0.145845 3.05327e-06
0.161341 1.43682e-05
0.19318 3.76163e-05
0.265785 9.0631e-05
0.300198 0.000115763
0.315059 0.000126676
0.331408 0.000140004
0.34354 0.000158753
0.353099 0.00018804
0.359844 0.000212367
0.364495 0.000215144
0.366911 0.000180288
0.366386 0.000108244
0.361937 8.00398e-06
0.361656 3.83747e-06
0.361388 0
0.361388 0
0.36112 3.83747e-06
0.359553 2.4618e-05
0.355191 6.77997e-05
0.344172 0.000136688
0.334199 0.000190601
0.322323 0.000260581
0.308373 0.000345545
0.290969 0.00045207
0.261951 0.000629766
0.198355 0.00101921
0.172825 0.00117556
0.155925 0.00127906
0.140412 0.00137429
0.126896 0.00146003
0.113787 0.00157553
0.107569 0.00169797
0.101932 0.00190342
0.0989449 0.00193372
0.0954662 0.00166038
0.0921896 0.0013044
0.0879805 0.000943054
0.0822426 0.000567952
0.0751485 0.000162134
0.0727757 3.01756e-05
0.0724991 1.48373e-05
0.0723409 6.0699e-06
0.072242 5.90276e-07
0.0722314 0
0.0722314 0
0.0722207 5.90276e-07
0.0717261 2.79885e-05
0.070055 0.000120443
0.0658648 0.000351835
0.056648 0.000860615
0.0436511 0.00158484
0.0331398 0.00222889
0.02671 0.00276066
0.0226319 0.00327211
0.0202014 0.00377662
0.0194606 0.00400339
0.0188752 0.004229
0.0185199 0.00439714
0.0182921 0.0045256
0.0181967 0.00459047
0.0182861 0.00454781
0.0185007 0.004442
0.0188353 0.00429783
0.0193519 0.00411263
0.0200213 0.00391932
0.0208139 0.0037368
0.0217135 0.00357057
0.0229078 0.0033944
0.024628 0.00319629
0.0288405 0.00285266
0.0345795 0.00253725
0.0429057 0.00220481
0.0544875 0.00180278
0.0676007 0.00136025
0.0784588 0.00100377
0.0855704 0.000789006
0.0927939 0.000595758
0.097683 0.000385006
0.100673 0.000163488
0.102568 1.90927e-05
0.102757 5.27721e-06
0.102818 8.4133e-07
0.10283 0
0.10283 0
0.102841 8.4133e-07
0.10315 2.30195e-05
0.104765 0.000133838
0.107239 0.000290269
0.110919 0.000507871
0.117181 0.000869408
0.12904 0.00156191
0.14136 0.00228897
0.158538 0.00330504
0.187492 0.00501825
0.251179 0.00878661
0.284102 0.0107347
0.300672 0.0117154
0.320233 0.0128809
0.322188 0.013

0.001 4.5e-05
0.00150001 4.49997e-05
0.00352703 4.49909e-05
0.00868972 4.47459e-05
0.0132966 4.26069e-05
0.0155399 3.90324e-05
0.0184865 3.14581e-05
0.0214352 2.40634e-05
0.0251385 1.68298e-05
0.0299232 9.29018e-06
0.0334172 4.33615e-06
0.0366024 0
0.0366024 0
0.0397876 4.33615e-06
0.047781 1.53344e-05
0.0587275 3.03969e-05
0.0721419 4.9035e-05
0.0855052 7.03882e-05
0.0912405 8.50994e-05
0.0951184 9.85902e-05
0.0982833 0.000106029
0.101767 0.00010361
0.105583 9.58368e-05
0.111089 8.71405e-05
0.11759 8.0499e-05
0.129597 7.12115e-05
0.142327 6.20643e-05
0.160577 4.90459e-05
0.191652 2.68898e-05
0.227228 1.52441e-06
0.229366 0
0.229366 0
0.231504 1.52441e-06
0.267731 2.73546e-05
0.294672 4.65633e-05
0.313782 6.02089e-05
0.328809 7.12854e-05
0.339234 8.09065e-05
0.348592 9.44963e-05
0.356192 0.00010909
0.364382 0.000122753
0.371376 0.000125257
0.377959 0.000119639
0.387268 0.000104999
0.399041 8.23806e-05
0.415343 4.88722e-05
0.427163 2.41062e-05
0.434358 8.96175e-06
0.438117 1.04032e-06
0.438611 0
0.438611 0
0.439104 1.04032e-06
0.457877 4.0642e-05
0.479626 8.65458e-05
0.49341 0.000115635
0.497153 0.000123534
0.499492 0.00012847
0.4995 0.000128486

0.001 7.5e-05
0.00150001 7.49996e-05
0.00352724 7.49854e-05
0.00869541 7.45921e-05
0.0133002 7.1161e-05
0.0155429 6.53525e-05
0.0184727 5.27974e-05
0.0213593 4.05165e-05
0.0250971 2.82137e-05
0.0298749 1.55753e-05
0.0333251 7.36343e-06
0.035348 2.72051e-06
0.0365488 0
0.0365488 0
0.0377496 2.72051e-06
0.0431149 1.48435e-05
0.054583 4.06491e-05
0.0678159 7.05582e-05
0.0789186 9.66712e-05
0.0857657 0.000116062
0.0913832 0.000139357
0.0952004 0.000160201
0.0983917 0.000172023
0.1022 0.000169317
0.106376 0.000159278
0.112622 0.000149268
0.119692 0.000143244
0.130827 0.00013686
0.144056 0.000130104
0.16341 0.000120356
0.197296 0.000103304
0.279565 6.19063e-05
0.306766 4.82229e-05
0.324438 3.94146e-05
0.33523 3.44237e-05
0.345522 3.07655e-05
0.35501 2.77595e-05
0.363781 2.30154e-05
0.371898 1.55818e-05
0.379542 6.93021e-06
0.385021 3.54447e-07
0.385313 0
0.385313 0
0.385604 3.54447e-07
0.396661 1.39127e-05
0.413955 3.53017e-05
0.439688 6.71536e-05
0.478982 0.000115733
0.494289 0.000134648
0.49857 0.000139936
0.4995 0.000141086

0.001 0.000105
0.00150001 0.000104999
0.00352745 0.00010498
0.00870114 0.000104437
0.0133039 9.97096e-05
0.0155459 9.16631e-05
0.0184591 7.41839e-05
0.0212884 5.7173e-05
0.0251279 3.93915e-05
0.0299517 2.15126e-05
0.0334796 9.74605e-06
0.0354611 3.36894e-06
0.0365205 0
0.0365205 0
0.03758 3.36894e-06
0.0416753 1.63593e-05
0.0491888 4.00586e-05
0.0605501 7.59372e-05
0.0728391 0.000115171
0.085425 0.000161168
0.0914226 0.000195647
0.095486 0.000226622
0.0990074 0.000242115
0.10273 0.000235744
0.106836 0.000222268
0.113713 0.000208324
0.121132 0.000200535
0.13223 0.000192356
0.146009 0.000183127
0.166472 0.000169572
0.203406 0.000145123
0.298718 8.20355e-05
0.318611 6.89155e-05
0.331874 6.05945e-05
0.345253 5.47554e-05
0.356172 5.1514e-05
0.365175 4.51293e-05
0.373019 3.45905e-05
0.381319 2.0603e-05
0.387099 1.02279e-05
0.39042 4.1661e-06
0.392688 0
0.392688 0
0.394957 4.1661e-06
0.408508 2.9113e-05
0.43171 7.19841e-05
0.467042 0.000137248
0.494333 0.000187631
0.498842 0.000195954
0.4995 0.000197168

0.001 0.000135
0.00150001 0.000134999
0.00352766 0.000134974
0.0087069 0.000134282
0.0133077 0.000128253
0.0155489 0.000117964
0.0184459 9.56158e-05
0.0212428 7.38714e-05
0.025183 5.03643e-05
0.0300486 2.72015e-05
0.0336805 1.16375e-05
0.035626 3.58737e-06
0.0365024 0
0.0365024 0
0.0373788 3.58737e-06
0.0421492 2.30324e-05
0.050819 5.81762e-05
0.0624481 0.000105404
0.0738879 0.000152507
0.0859384 0.000210234
0.0917078 0.00025405
0.095295 0.000289337
0.0984456 0.000309903
0.101858 0.000306676
0.105546 0.000291358
0.111051 0.000274394
0.117557 0.000263844
0.130104 0.000252203
0.143012 0.000242244
0.161804 0.000228027
0.194237 0.000203521
0.270648 0.000145788
0.290205 0.000131011
0.30997 0.000116095
0.326121 0.000104185
0.336595 9.78047e-05
0.347631 9.54309e-05
0.35669 9.50623e-05
0.365885 8.8533e-05
0.373584 7.48717e-05
0.382408 5.41972e-05
0.394248 2.38917e-05
0.402407 2.51105e-06
0.403362 0
0.403362 0
0.404316 2.51105e-06
0.424304 5.52605e-05
0.455884 0.00013874
0.480155 0.000202879
0.495941 0.00024459
0.498139 0.000250396
0.4995 0.000253992

0.001 0.000165
0.00150001 0.000164999
0.00352787 0.000164969
0.00871269 0.000164125
0.0133115 0.000156791
0.0155521 0.000144254
0.0184493 0.000116924
0.0212429 9.03212e-05
0.0252034 6.14298e-05
0.030084 3.30331e-05
0.033757 1.3793e-05
0.0358148 3.38754e-06
0.0364916 -4.23516e-22
0.0364916 -4.23516e-22
0.0371685 3.38754e-06
0.0418204 2.65493e-05
0.0501433 6.77355e-05
0.0620155 0.000126581
0.0735711 0.000184597
0.0856571 0.000254588
0.0916835 0.000309717
0.0955958 0.000356268
0.0988923 0.000379262
0.102406 0.00037201
0.106241 0.000353158
0.11265 0.000332636
0.119753 0.000321554
0.130846 0.000310903
0.1441 0.000299974
0.163513 0.000284269
0.197587 0.000256738
0.280522 0.000189728
0.308265 0.000167332
0.324497 0.000154536
0.335364 0.000147662
0.345633 0.000146839
0.354758 0.000150335
0.363714 0.000148334
0.372059 0.000133147
0.379999 0.000110333
0.391325 7.30644e-05
0.406558 2.07204e-05
0.412171 1.24659e-06
0.41253 0
0.41253 0
0.412888 1.24659e-06
0.4346 7.67961e-05
0.472032 0.000207167
0.486562 0.000257767
0.494732 0.000286213
0.4995 0.000302817

0.001 0.000195
0.00150001 0.000194999
0.00352808 0.000194964
0.00871851 0.000193967
0.0133154 0.000185323
0.0155553 0.000170534
0.018488 0.000137785
0.0214155 0.000105049
0.0250893 7.34821e-05
0.029845 4.05867e-05
0.0333963 1.84939e-05
0.0353407 6.82988e-06
0.0359407 3.26825e-06
0.0364934 0
0.0364934 0
0.0370461 3.26825e-06
0.0385614 1.22147e-05
0.0422465 3.38225e-05
0.0501216 7.98153e-05
0.0618035 0.000148151
0.073384 0.000216734
0.0857258 0.00030102
0.0915638 0.000363795
0.0962278 0.000427942
0.100136 0.000447879
0.104142 0.000429074
0.108865 0.000405465
0.115153 0.00038837
0.123707 0.000376628
0.135321 0.00036556
0.150259 0.000352445
0.17357 0.000332152
0.218458 0.000293088
0.254704 0.000261546
0.278921 0.000240471
0.296301 0.000225349
0.313507 0.000210434
0.328789 0.000198015
0.339274 0.00019345
0.348793 0.000197408
0.356804 0.000203253
0.365973 0.000199021
0.373718 0.000179495
0.382439 0.000147727
0.39449 9.85297e-05
0.411178 2.79551e-05
0.417408 1.40233e-06
0.417737 0
0.417737 0
0.418066 1.40233e-06
0.444905 0.000116052
0.488027 0.000300344
0.496569 0.000336846
0.499239 0.000348252
0.4995 0.000349368

0.001 0.000225
0.00150001 0.000224999
0.0035283 0.000224958
0.00872437 0.000223809
0.0133193 0.000213849
0.0155587 0.000196803
0.0180927 0.000164594
0.0207308 0.000129292
0.0241103 9.35834e-05
0.0290839 5.24639e-05
0.0341819 1.57683e-05
0.0353443 7.74357e-06
0.0360746 2.73899e-06
0.0364757 0
0.0364757 0
0.0368768 2.73899e-06
0.0384558 1.34957e-05
0.0416195 3.49028e-05
0.0479985 7.78763e-05
0.0584769 0.00014851
0.073681 0.000252162
0.0824323 0.000317537
0.0884849 0.000377396
0.0937351 0.00045459
0.0979052 0.000510674
0.101126 0.000513358
0.105042 0.000489303
0.111531 0.000458721
0.118502 0.000443618
0.130791 0.000429485
0.143926 0.000417257
0.163178 0.000399751
0.196909 0.000369127
0.278605 0.000294958
0.304279 0.000271663
0.323659 0.000254532
0.334517 0.000247417
0.34514 0.000250058
0.355099 0.00026171
0.36436 0.000263201
0.372825 0.000241973
0.381158 0.000207337
0.392905 0.00015114
0.408896 7.11751e-05
0.420811 1.09472e-05
0.42269 1.42765e-06
0.422972 0
0.422972 0
0.423254 1.42765e-06
0.432645 4.9023e-05
0.467974 0.000228211
0.496144 0.000371088
0.498486 0.000382967
0.4995 0.000388109

0.001 0.000255
0.00150001 0.000254999
0.00352851 0.000254953
0.00873027 0.000253649
0.0133233 0.000242369
0.0155621 0.000223061
0.0180364 0.000187495
0.0206519 0.000147643
0.0241569 0.000105572
0.0291766 5.86497e-05
0.0338885 2.01517e-05
0.0356565 6.31192e-06
0.0361991 2.10227e-06
0.0364707 0
0.0364707 0
0.0367424 2.10227e-06
0.038317 1.42548e-05
0.041923 4.18763e-05
0.0529454 0.000125941
0.0655479 0.000222339
0.0767119 0.000309854
0.0847714 0.000382803
0.0908807 0.000463269
0.0957996 0.000551452
0.0993796 0.000584726
0.102929 0.000570092
0.106819 0.000542847
0.11278 0.000516961
0.119681 0.000502791
0.130814 0.000489965
0.144092 0.000477461
0.16353 0.000459629
0.197666 0.000428365
0.280863 0.00035217
0.308625 0.000326785
0.324645 0.000312765
0.335478 0.000306823
0.345699 0.000313351
0.354629 0.000328796
0.364289 0.000334428
0.372847 0.000310972
0.381196 0.000271037
0.393007 0.000205406
0.408955 0.000112536
0.420944 4.18981e-05
0.424732 1.95295e-05
0.427098 5.54837e-06
0.427838 1.17924e-06
0.428037 0
0.428037 0
0.428237 1.17924e-06
0.431933 2.30248e-05
0.450399 0.000132234
0.496757 0.000406447
0.499094 0.000420269
0.4995 0.000422671

0.001 0.000285
0.00150001 0.000284998
0.00352872 0.000284947
0.0087362 0.000283488
0.013323 0.000270911
0.0155578 0.000249408
0.0181002 0.000208459
0.0207401 0.000163656
0.0240664 0.000119042
0.0290348 6.68758e-05
0.0341585 2.00945e-05
0.0363692 8.20811e-07
0.0364641 0
0.0364641 0
0.036559 8.20811e-07
0.0415629 4.37205e-05
0.053329 0.000143866
0.066197 0.000253739
0.0773029 0.00035123
0.0850312 0.000430255
0.0908509 0.000516247
0.0948062 0.000595736
0.09811 0.000646045
0.101614 0.000645763
0.105374 0.000617109
0.110728 0.000586285
0.11706 0.00056868
0.129088 0.000553325
0.141833 0.000541701
0.160016 0.000525814
0.190923 0.000498896
0.261435 0.000437486
0.292084 0.000410796
0.308014 0.000396961
0.324073 0.000383693
0.335082 0.000378699
0.345421 0.000388924
0.355266 0.00041277
0.364378 0.000421745
0.37293 0.00039641
0.381291 0.000351094
0.393195 0.000275489
0.409226 0.000168489
0.433497 4.21002e-06
0.434118 0
0.434118 0
0.434738 4.21002e-06
0.472188 0.000258376
0.48704 0.000359185
0.495417 0.000416046
0.498035 0.000433814
0.4995 0.000443759

0.001 0.000315
0.00150001 0.000314998
0.00352893 0.000314942
0.00874216 0.000313327
0.0133228 0.000299453
0.0155537 0.000275763
0.0184652 0.000223247
0.0213065 0.000171483
0.0251612 0.000117745
0.0300011 6.37644e-05
0.0335751 2.78702e-05
0.0355413 8.80862e-06
0.036386 7.09066e-07
0.0364601 0
0.0364601 0
0.0365343 7.09066e-07
0.038236 1.69181e-05
0.0417749 5.03616e-05
0.0516201 0.000142978
0.0638699 0.000258467
0.0749968 0.000365191
0.0847658 0.000472119
0.090843 0.000570474
0.0950475 0.000663826
0.0986311 0.000717952
0.102166 0.000709809
0.106003 0.000677113
0.112188 0.000642332
0.118947 0.000625294
0.130945 0.000610106
0.14422 0.000597081
0.163743 0.000578498
0.198104 0.000545853
0.282296 0.00046587
0.31071 0.000438956
0.325341 0.000426039
0.336046 0.000421813
0.346085 0.000434774
0.354742 0.000458621
0.363427 0.000471044
0.371978 0.000447091
0.379935 0.000401263
0.39151 0.000320976
0.406886 0.000207872
0.429935 3.54925e-05
0.434375 2.18591e-06
0.434666 0
0.434666 0
0.434957 2.18591e-06
0.457143 0.000168705
0.482522 0.000359239
0.499161 0.000484148
0.4995 0.000486691

0.001 0.000345
0.00150001 0.000344998
0.00352915 0.000344936
0.00874816 0.000343164
0.0133227 0.000327993
0.0155499 0.000302125
0.0184178 0.00024556
0.0212755 0.000188347
0.0249573 0.000131652
0.0296626 7.35979e-05
0.0338767 2.71621e-05
0.0359189 5.52328e-06
0.036207 2.49745e-06
0.0364451 0
0.0364451 0
0.0366833 2.49745e-06
0.0381301 1.76296e-05
0.0422934 6.08228e-05
0.0502565 0.000143076
0.0616607 0.000261063
0.0733151 0.000383093
0.0856597 0.000531752
0.0915776 0.000643707
0.0963005 0.000757784
0.0997975 0.00079252
0.103334 0.000768361
0.107353 0.000731066
0.114271 0.00069474
0.121962 0.00067651
0.133631 0.000659386
0.147847 0.000641112
0.169593 0.000613563
0.209943 0.000562483
0.25766 0.000502077
0.280197 0.000473547
0.297784 0.00045129
0.314853 0.000429831
0.329882 0.000413006
0.340902 0.000411386
0.3507 0.000428834
0.359156 0.000445853
0.368167 0.000434862
0.376032 0.00039427
0.387095 0.000316424
0.400871 0.000210475
0.420564 5.53845e-05
0.424342 2.54916e-05
0.426702 6.80746e-06
0.427432 1.03214e-06
0.427562 0
0.427562 0
0.427692 1.03214e-06
0.431339 2.99086e-05
0.449557 0.000174266
0.495469 0.000538154
0.497781 0.000556472
0.499225 0.000567921
0.4995 0.000570098

0.001 0.000375
0.00150001 0.000374998
0.00352936 0.000374931
0.0087542 0.000373
0.0133238 0.000356523
0.0155481 0.00032846
0.0184041 0.000267259
0.0212937 0.000204366
0.0249289 0.000143501
0.0296079 8.06461e-05
0.0333389 3.57497e-05
0.0352804 1.32667e-05
0.0362824 1.80254e-06
0.0364405 0
0.0364405 0
0.0365987 1.80254e-06
0.0391111 3.02979e-05
0.0438545 8.3652e-05
0.0521727 0.000176981
0.0645121 0.000315793
0.0757278 0.000444502
0.0846384 0.000561487
0.0906521 0.000676328
0.0946958 0.000783227
0.0982606 0.000854065
0.101694 0.000850756
0.105724 0.000809213
0.111827 0.000765369
0.118546 0.000742965
0.130597 0.000722126
0.143802 0.000704106
0.163053 0.000678551
0.196765 0.000633881
0.278218 0.000525952
0.303171 0.00049291
0.322758 0.000467672
0.333872 0.000457481
0.344862 0.000465336
0.354982 0.000491192
0.364247 0.000499206
0.372802 0.000465441
0.381264 0.000406546
0.393149 0.00031034
0.409169 0.000174451
0.421275 7.05694e-05
0.428903 4.95307e-06
0.429478 0
0.429478 0
0.430053 4.95307e-06
0.463332 0.000291579
0.490382 0.000524599
0.499348 0.000601829
0.4995 0.000603138

0.001 0.000405
0.00150001 0.000404998
0.00352957 0.000404925
0.00876028 0.000402835
0.0127498 0.000389683
0.0151274 0.00036215
0.0175142 0.000311102
0.0201463 0.00024589
0.0236858 0.000175483
0.0296928 8.58615e-05
0.0346651 2.18627e-05
0.0362462 2.27318e-06
0.0364307 0
0.0364307 0
0.0366153 2.27318e-06
0.0398075 4.13545e-05
0.0472331 0.000131483
0.0597484 0.000283383
0.0726169 0.000441161
0.0856349 0.000623937
0.0913072 0.000748355
0.0952534 0.000862549
0.0985622 0.000925973
0.102413 0.000911979
0.106637 0.000864436
0.113426 0.00081831
0.120721 0.000795903
0.132762 0.000774135
0.146613 0.000752743
0.167591 0.000720888
0.205811 0.000662907
0.281412 0.000548219
0.31086 0.000503641
0.32504 0.00048318
0.335906 0.000473268
0.345967 0.000482804
0.354951 0.000505547
0.363949 0.000512504
0.372458 0.00047724
0.380561 0.000417854
0.392228 0.000317963
0.407806 0.000177832
0.41954 7.09722e-05
0.426938 3.41908e-06
0.427312 0
0.427312 0
0.427686 3.41908e-06
0.457763 0.000278422
0.483218 0.000511213
0.4995 0.000660111

0.001 0.000435
0.00150001 0.000434998
0.00352978 0.00043492
0.00876639 0.00043267
0.0126577 0.000419256
0.015057 0.000390258
0.0173541 0.000338461
0.0195138 0.000280229
0.022369 0.000213963
0.0269884 0.000132638
0.0326639 5.03823e-05
0.0345295 2.51084e-05
0.0355257 1.17986e-05
0.0361845 3.0491e-06
0.0364148 0
0.0364148 0
0.036645 3.0491e-06
0.0384559 2.69489e-05
0.0424749 7.95693e-05
0.0535811 0.000224434
0.0663878 0.000392052
0.0775274 0.000542149
0.0852086 0.000663435
0.0916952 0.000816695
0.0952624 0.000928455
0.0984214 0.000995061
0.102187 0.000983224
0.106301 0.000932414
0.112739 0.000881534
0.119738 0.000855557
0.131442 0.000830299
0.144901 0.000805887
0.164766 0.000770577
0.200107 0.000707833
0.288461 0.00055098
0.314728 0.000504535
0.328251 0.000482389
0.338595 0.000473942
0.348072 0.000485518
0.356055 0.000503382
0.365041 0.000502204
0.373197 0.000461108
0.381932 0.000391791
0.393976 0.000282929
0.410519 0.000127354
0.422936 9.45002e-06
0.423914 1.53704e-07
0.42393 0
0.42393 0
0.423946 1.53704e-07
0.428832 4.66346e-05
0.453233 0.000278966
0.477408 0.000509194
0.49312 0.00065881
0.497525 0.000700753
0.498902 0.00071386
0.4995 0.000719555

0.001 0.000465
0.00150001 0.000464997
0.00353 0.000464914
0.00877255 0.000462503
0.012674 0.000448052
0.0150703 0.000416944
0.0173504 0.000361919
0.0194813 0.000300455
0.0224887 0.000226089
0.0266451 0.00014752
0.0319807 6.3842e-05
0.0354678 1.33561e-05
0.0359993 5.80258e-06
0.0363262 1.16946e-06
0.0364088 0
0.0364088 0
0.0364914 1.16946e-06
0.0378127 1.98156e-05
0.0406068 5.89665e-05
0.0455123 0.000127329
0.0552826 0.000263395
0.0688673 0.000453534
0.0802361 0.000620854
0.0866501 0.000738072
0.0929215 0.000911953
0.0977782 0.0010532
0.101097 0.0010611
0.104613 0.00101791
0.10912 0.000968578
0.115516 0.000931643
0.124583 0.00090687
0.135836 0.000886196
0.151112 0.000860475
0.175029 0.000820579
0.221793 0.0007426
0.250847 0.000694152
0.284035 0.000638812
0.301082 0.000610402
0.3177 0.000583031
0.333564 0.000562327
0.344504 0.000570421
0.354728 0.000601537
0.364117 0.000611804
0.372711 0.000570774
0.381174 0.000499155
0.393057 0.000382139
0.409039 0.000217229
0.421135 9.09565e-05
0.428776 1.09864e-05
0.429818 7.95585e-08
0.429825 0
0.429825 0
0.429833 7.95585e-08
0.435039 5.46131e-05
0.461052 0.000327219
0.487621 0.000605691
0.496376 0.000697446
0.499112 0.000726119
0.4995 0.000730187

0.001 0.000495
0.00150001 0.000494997
0.00353021 0.000494909
0.00877874 0.000492334
0.0126984 0.000476762
0.0150895 0.000443474
0.0173398 0.000385601
0.0194173 0.000321738
0.0234846 0.000218649
0.0285384 0.000124045
0.0359237 7.42981e-06
0.0362223 2.92537e-06
0.0364165 0
0.0364165 0
0.0366106 2.92537e-06
0.0381104 2.5452e-05
0.0441335 0.000115078
0.0562725 0.000295175
0.070107 0.000501717
0.0807328 0.000669817
0.0870311 0.000795163
0.0933201 0.00098633
0.0982382 0.00112946
0.101651 0.00112466
0.105324 0.00107332
0.11076 0.00101593
0.117138 0.000982201
0.128302 0.000951731
0.14083 0.000925646
0.158498 0.000890222
0.188109 0.000831024
0.253849 0.00069961
0.286838 0.000633664
0.30314 0.0006011
0.319487 0.000568883
0.33325 0.000546528
0.344583 0.000549918
0.354857 0.000575547
0.363853 0.0005805
0.372365 0.000537358
0.380513 0.000466289
0.392186 0.000348034
0.407713 0.000183126
0.419426 5.72838e-05
0.423122 1.7483e-05
0.424276 5.04493e-06
0.424637 1.158e-06
0.424744 0
0.424744 0
0.424852 1.158e-06
0.426655 2.05926e-05
0.435668 0.000117759
0.472316 0.000513095
0.487164 0.000673266
0.495522 0.000763426
0.498134 0.000791601
0.4995 0.000806331

0.001 0.000525
0.00150001 0.000524997
0.00353077 0.000524903
0.00879518 0.00052215
0.0127719 0.00050499
0.0151399 0.000469283
0.0177057 0.000397172
0.0202252 0.00031641
0.0234324 0.000233143
0.0293274 0.000117642
0.0333412 4.98042e-05
0.0362545 2.73708e-06
0.0364259 0
0.0364259 0
0.0365973 2.73708e-06
0.0437556 0.000115872
0.0552857 0.000297155
0.0688178 0.000510991
0.0802345 0.000700673
0.086636 0.000832749
0.0929586 0.00103116
0.097838 0.00119068
0.10123 0.00119641
0.104844 0.0011443
0.110097 0.00108185
0.116384 0.00104369
0.125389 0.00101532
0.137045 0.000988675
0.152795 0.000954974
0.177861 0.000901686
0.228321 0.000794431
0.272804 0.000699884
0.298855 0.000644525
0.31932 0.00060152
0.331965 0.00057891
0.345478 0.000582637
0.356555 0.000611564
0.365639 0.0006072
0.373556 0.000557209
0.382443 0.000472083
0.394444 0.000342142
0.411205 0.000153716
0.423837 1.03938e-05
0.424338 4.70209e-06
0.424752 0
0.424752 0
0.425166 4.70209e-06
0.42767 3.31605e-05
0.440182 0.000175436
0.480372 0.000632626
0.496462 0.000815645
0.498726 0.000841392
0.499433 0.000849438
0.4995 0.000850198

0.001 0.000555
0.00150001 0.000554997
0.00353141 0.000554898
0.008814 0.000551959
0.01341 0.000526654
0.0156285 0.000484194
0.018194 0.000402885
0.0203838 0.000329491
0.0240072 0.000232915
0.0289378 0.000131646
0.0337083 4.63287e-05
0.0351196 2.21629e-05
0.0361945 3.93999e-06
0.0364279 0
0.0364279 0
0.0366613 3.93999e-06
0.0387198 3.85529e-05
0.0437521 0.000122455
0.0535483 0.000285327
0.0663225 0.000498444
0.0774567 0.000689592
0.085251 0.000846453
0.0915976 0.00103717
0.0954722 0.00119161
0.0987345 0.00127169
0.102363 0.00124959
0.106333 0.00118602
0.111993 0.00112584
0.118986 0.001089
0.131027 0.0010529
0.144355 0.00101952
0.163921 0.000971494
0.198433 0.000886884
0.283303 0.00067882
0.312079 0.000608417
0.326009 0.000575752
0.33657 0.000558407
0.346495 0.000564062
0.354924 0.000582335
0.364429 0.00058023
0.372983 0.000527378
0.381284 0.000446828
0.393128 0.000316311
0.409128 0.000132802
0.415169 6.29075e-05
0.418074 2.924e-05
0.41983 8.88773e-06
0.420378 2.52758e-06
0.420596 0
0.420596 0
0.420814 2.52758e-06
0.423555 3.43281e-05
0.436985 0.000190235
0.475643 0.000639259
0.490956 0.000817109
0.4995 0.000916339

0.001 0.000585
0.00150001 0.000584997
0.00353204 0.000584892
0.00883317 0.000581763
0.0134334 0.0005548
0.0156493 0.00050978
0.0184633 0.00041467
0.0213461 0.000316919
0.0251658 0.000217984
0.0299936 0.00011775
0.0335521 5.11922e-05
0.035527 1.55337e-05
0.0361072 5.16296e-06
0.0362599 2.44016e-06
0.0363969 0
0.0363969 0
0.0365338 2.44016e-06
0.0371528 1.34551e-05
0.0389591 4.54315e-05
0.0429783 0.000116106
0.054089 0.000310906
0.0670724 0.000539415
0.0781468 0.00074088
0.0854557 0.000898195
0.0915525 0.0010922
0.0956038 0.00126181
0.0990045 0.00134331
0.10257 0.00131494
0.106477 0.00124973
0.113017 0.00118171
0.120227 0.00114638
0.132024 0.00111165
0.145674 0.00107715
0.166114 0.00102638
0.202813 0.000935316
0.297144 0.000701289
0.317814 0.000650386
0.331375 0.000620918
0.344917 0.0006198
0.356093 0.000647784
0.36523 0.000642828
0.373405 0.000586885
0.38195 0.000497952
0.394043 0.000355684
0.410693 0.000152196
0.41695 7.50916e-05
0.420071 3.65798e-05
0.42202 1.25087e-05
0.422629 4.98644e-06
0.423033 -8.47033e-22
0.423033 -8.47033e-22
0.423437 4.98644e-06
0.426482 4.25976e-05
0.441692 0.00023062
0.483198 0.000743891
0.4995 0.000945458

0.001 0.000615
0.00150001 0.000614997
0.00353268 0.000614887
0.00885273 0.000611564
0.0134573 0.000582905
0.0156707 0.000535282
0.0184269 0.000437265
0.0213754 0.000332093
0.0250908 0.000230754
0.0298566 0.000126303
0.0333539 5.73012e-05
0.0353359 1.95847e-05
0.0359357 8.29274e-06
0.0363214 1.05518e-06
0.0363777 0
0.0363777 0
0.036434 1.05518e-06
0.037588 2.26207e-05
0.0406289 7.9033e-05
0.0462022 0.000181809
0.0564555 0.000370831
0.0704065 0.000629684
0.0825658 0.000873489
0.0889483 0.00104936
0.0942816 0.00126934
0.0985031 0.00140724
0.101875 0.00139324
0.105521 0.00132884
0.111011 0.00125813
0.117556 0.0012159
0.128699 0.00117743
0.141272 0.00114331
0.159266 0.00109607
0.189573 0.0010167
0.25785 0.000837909
0.287215 0.000761013
0.303503 0.000718389
0.31982 0.000676237
0.333361 0.000646948
0.344983 0.000648735
0.355214 0.000675572
0.364476 0.000675079
0.373044 0.000617386
0.381427 0.000527655
0.393383 0.000382063
0.409657 0.000175706
0.421908 1.88408e-05
0.422876 6.42425e-06
0.423179 2.54408e-06
0.423377 0
0.423377 0
0.423576 2.54408e-06
0.425088 2.19449e-05
0.432646 0.000118943
0.466178 0.00054956
0.494172 0.000909051
0.498827 0.000968837
0.4995 0.000977474

0.001 0.000645
0.00150001 0.000644997
0.00353331 0.000644881
0.00887268 0.00064136
0.0134815 0.000610968
0.0156941 0.000560664
0.0184519 0.000457495
0.0214205 0.000346673
0.0251601 0.000240111
0.0299608 0.000130064
0.033481 5.73444e-05
0.0354733 1.76215e-05
0.0359735 7.74803e-06
0.0362799 1.71631e-06
0.0363672 0
0.0363672 0
0.0364545 1.71631e-06
0.0373755 1.97877e-05
0.0391525 5.44641e-05
0.0438848 0.000146195
0.0523917 0.0003107
0.0646305 0.000548013
0.07577 0.000768402
0.0847012 0.000970788
0.0911743 0.0011889
0.0947972 0.0013565
0.0980279 0.00146973
0.1014 0.00146914
0.105012 0.00140283
0.110066 0.00132827
0.116327 0.00127991
0.124931 0.00124405
0.136224 0.00120924
0.151594 0.00116489
0.17588 0.0010953
0.223774 0.000958103
0.254118 0.000871177
0.284462 0.000784252
0.301076 0.000736679
0.31766 0.000689569
0.333701 0.000650431
0.344552 0.000649264
0.354739 0.000672992
0.364083 0.000671777
0.372661 0.00061298
0.381069 0.000520434
0.392914 0.000371755
0.409011 0.000161305
0.421073 2.04365e-06
0.421228 0
0.421228 0
0.421382 2.04365e-06
0.451909 0.00040616
0.4995 0.00103637

0.001 0.000675
0.00150001 0.000674996
0.00353395 0.000674876
0.00889304 0.000671152
0.013506 0.000638991
0.0157178 0.000585964
0.0184774 0.000477598
0.0214404 0.000361958
0.0251681 0.000250864
0.0299688 0.000135672
0.0334961 5.939e-05
0.0354855 1.78588e-05
0.035976 7.72248e-06
0.0362829 1.39563e-06
0.0363507 0
0.0363507 0
0.0364185 1.39563e-06
0.037326 2.00412e-05
0.0392355 5.90493e-05
0.043255 0.00014064
0.0523249 0.000324269
0.0649156 0.000579889
0.0761061 0.000812035
0.0849703 0.00102426
0.090689 0.00122374
0.0947026 0.00141615
0.0982025 0.00154253
0.10166 0.0015344
0.105393 0.00146151
0.111012 0.00138043
0.117646 0.00133254
0.128703 0.00128888
0.141378 0.00124898
0.159385 0.00119402
0.189782 0.00110146
0.258439 0.000892403
0.2876 0.000803609
0.303893 0.00075403
0.320172 0.000705106
0.333349 0.000671327
0.344951 0.000669049
0.355185 0.000692534
0.364473 0.000687508
0.373044 0.00062361
0.381423 0.000527003
0.393375 0.000371214
0.409641 0.000150924
0.415767 6.72529e-05
0.418799 2.5791e-05
0.419746 1.28337e-05
0.420337 4.73538e-06
0.420683 0
0.420683 0
0.421029 4.73538e-06
0.423988 4.52267e-05
0.438763 0.000247644
0.478761 0.000795826
0.494627 0.00101325
0.499114 0.00107473
0.4995 0.00108002

0.001 0.000705
0.00150001 0.000704996
0.00353459 0.00070487
0.00891382 0.000700939
0.0135333 0.00066693
0.0157452 0.000611069
0.0185083 0.000497349
0.0214181 0.00037868
0.0250663 0.000264602
0.0298033 0.000145286
0.0335756 5.99471e-05
0.0354507 1.90494e-05
0.035951 8.24224e-06
0.0362452 1.90231e-06
0.0363336 0
0.0363336 0
0.036422 1.90231e-06
0.0379001 3.36074e-05
0.0413488 0.000106995
0.0516195 0.000324415
0.0638854 0.000584632
0.0749964 0.000824453
0.0850918 0.00107472
0.0916642 0.00132537
0.0952202 0.00150688
0.0985321 0.00161819
0.101996 0.00159756
0.105761 0.00151914
0.111032 0.00144022
0.117594 0.00138927
0.128528 0.00134165
0.140948 0.00129806
0.158535 0.00123818
0.188194 0.00113743
0.254161 0.000913356
0.286656 0.000802981
0.302968 0.000747601
0.319325 0.00069258
0.333314 0.000651271
0.344595 0.000643156
0.354861 0.000660016
0.36386 0.000652055
0.372397 0.000588457
0.380558 0.000493884
0.39227 0.000339849
0.407963 0.000125098
0.413878 4.3463e-05
0.41652 6.93343e-06
0.416893 1.78533e-06
0.417022 -2.11758e-22
0.417022 -2.11758e-22
0.417151 1.78533e-06
0.419012 2.75257e-05
0.428309 0.000156212
0.461554 0.000616787
0.488113 0.000984737
0.496902 0.00110648
0.4995 0.00114247

0.001 0.000735
0.00150001 0.000734996
0.00353523 0.000734864
0.00893506 0.000730721
0.013558 0.000694868
0.0158443 0.000633525
0.0190178 0.000495055
0.0235808 0.000320742
0.0294075 0.00016143
0.0340877 5.11055e-05
0.0363465 7.00116e-08
0.0363497 0
0.0363497 0
0.0363528 7.00116e-08
0.0412707 0.000109279
0.0503071 0.000308376
0.0623894 0.000575008
0.0738322 0.000830942
0.0860067 0.00114716
0.0918644 0.00138878
0.095559 0.00158434
0.098691 0.00168521
0.102004 0.00166191
0.105596 0.00158454
0.111233 0.00149782
0.117649 0.0014477
0.128517 0.00140002
0.14098 0.00135621
0.158597 0.00129619
0.188323 0.00119517
0.254535 0.000970146
0.286513 0.000861472
0.302832 0.000806042
0.319204 0.000750975
0.333269 0.000709875
0.34469 0.000704579
0.354972 0.000726781
0.364166 0.000720663
0.372761 0.000653137
0.381292 0.000548674
0.393258 0.000382898
0.409388 0.000150818
0.415502 6.21244e-05
0.418091 2.4509e-05
0.419485 4.25285e-06
0.419778 0
0.419778 0
0.42007 4.25285e-06
0.427035 0.00010553
0.459253 0.000574456
0.485232 0.000952603
0.493803 0.00107736
0.49916 0.00115532
0.4995 0.00116026

0.001 0.000765
0.00150001 0.000764996
0.00353587 0.000764859
0.00895677 0.000760503
0.0135691 0.000723055
0.0158502 0.000659188
0.0191176 0.000510508
0.0238496 0.000325135
0.0298779 0.000156151
0.0349054 3.40418e-05
0.0358581 1.16848e-05
0.0363225 8.39223e-07
0.0363585 0
0.0363585 0
0.0363945 8.39223e-07
0.03762 2.93299e-05
0.0410056 0.000107419
0.0495274 0.000302815
0.0612352 0.000571578
0.0732337 0.000850241
0.0856166 0.0011804
0.0916085 0.00143163
0.0955912 0.0016506
0.0989333 0.00175646
0.102341 0.00172192
0.106065 0.00163787
0.111667 0.00155171
0.118262 0.00149973
0.129831 0.00144687
0.142721 0.00139808
0.161384 0.00132905
0.193609 0.00121005
0.269152 0.000931091
0.300707 0.00081459
0.316188 0.00075775
0.333528 0.000700917
0.344242 0.000691865
0.354496 0.00070922
0.364001 0.000700085
0.372627 0.000629761
0.380959 0.000525508
0.392802 0.000358277
0.408779 0.000124066
0.414804 3.50118e-05
0.416433 1.09043e-05
0.416942 3.37059e-06
0.41717 0
0.41717 0
0.417398 3.37059e-06
0.419942 4.10386e-05
0.432649 0.000229342
0.469063 0.000769311
0.497861 0.0011963
0.499063 0.00121412
0.4995 0.0012206

0.001 0.000795
0.00150001 0.000794996
0.00353652 0.000794854
0.00897896 0.000790286
0.0135808 0.000751285
0.0158564 0.000684947
0.0192498 0.000524179
0.0242096 0.000326233
0.0306237 0.000143285
0.0345947 4.36171e-05
0.0355067 2.13526e-05
0.0363433 1.05724e-06
0.036387 0
0.036387 0
0.0364307 1.05724e-06
0.0380648 4.04392e-05
0.0419536 0.000133382
0.0498194 0.000320504
0.0612636 0.000593138
0.0732715 0.000882566
0.0856522 0.00122544
0.0915891 0.00148386
0.0956547 0.00171566
0.099059 0.00182308
0.10256 0.00178065
0.106403 0.00169071
0.112676 0.00159689
0.119759 0.00154413
0.130686 0.00149298
0.143981 0.00143917
0.16338 0.00136212
0.197435 0.00122701
0.280423 0.000897762
0.307594 0.000790041
0.324667 0.000723823
0.335435 0.000689838
0.345667 0.000683125
0.354708 0.000695487
0.364303 0.000680264
0.372932 0.00060483
0.381321 0.000496678
0.393256 0.000324828
0.409346 8.50868e-05
0.412398 3.92928e-05
0.414305 1.06694e-05
0.4149 1.72442e-06
0.415015 0
0.415015 0
0.41513 1.72442e-06
0.418106 4.64486e-05
0.431881 0.000253676
0.468145 0.000799575
0.49665 0.00122863
0.499031 0.00126445
0.4995 0.00127152

0.001 0.000825
0.00150001 0.000824996
0.00353716 0.000824849
0.00900166 0.000820063
0.0135933 0.000779491
0.0158644 0.000710649
0.0188789 0.000563065
0.0222002 0.00041148
0.0263551 0.000269367
0.0317052 0.000119027
0.0353201 2.57063e-05
0.0359077 1.08407e-05
0.0361358 5.08534e-06
0.0362785 1.48833e-06
0.0363376 0
0.0363376 0
0.0363966 1.48833e-06
0.0370171 1.70925e-05
0.0384231 5.22964e-05
0.0412586 0.000122855
0.0507423 0.00035776
0.0629119 0.00065973
0.0741911 0.000943707
0.0860045 0.00128993
0.0918217 0.00155953
0.0954631 0.00177746
0.0985432 0.00189388
0.101834 0.00187046
0.1054 0.00178126
0.110765 0.00168147
0.11714 0.00161854
0.127456 0.00155942
0.13954 0.00150343
0.156616 0.00142686
0.184755 0.00130103
0.245213 0.00103069
0.274856 0.000898139
0.296107 0.000803125
0.315155 0.000718218
0.330476 0.000653553
0.340649 0.000625316
0.349804 0.000622596
0.358089 0.000621062
0.367293 0.000576221
0.375252 0.000490029
0.385775 0.000346698
0.399198 0.000151178
0.408748 9.87437e-06
0.409123 4.31906e-06
0.409414 0
0.409414 0
0.409705 4.31906e-06
0.411576 3.20954e-05
0.42092 0.000170948
0.450867 0.000616562
0.497944 0.001317
0.499131 0.00133467
0.4995 0.00134016

0.001 0.000855
0.00150001 0.000854995
0.00353781 0.000854843
0.00902489 0.000849833
0.0135982 0.000807834
0.0158635 0.000736696
0.0188521 0.000585138
0.0221194 0.000429925
0.0262049 0.000284119
0.0313716 0.000132746
0.0348754 3.86024e-05
0.0361223 5.88725e-06
0.036324 6.21145e-07
0.0363478 0
0.0363478 0
0.0363716 6.21145e-07
0.037042 1.80843e-05
0.0385303 5.66652e-05
0.041899 0.000143422
0.0511778 0.000381413
0.0632204 0.000690914
0.0744832 0.000984865
0.086168 0.00134179
0.0919258 0.00162081
0.0955403 0.00184477
0.0986037 0.0019615
0.101912 0.00193385
0.105504 0.00184028
0.110796 0.00173884
0.117189 0.00167334
0.127593 0.00161103
0.139638 0.00155236
0.156678 0.00147193
0.18484 0.00133935
0.24546 0.00105399
0.272193 0.00092815
0.294007 0.000825468
0.314823 0.000727739
0.331427 0.000654193
0.342927 0.000624313
0.352884 0.000622477
0.363387 0.000598695
0.372194 0.000519263
0.38035 0.000412684
0.392029 0.000242999
0.407636 8.6652e-06
0.408003 3.12014e-06
0.40821 0
0.40821 0
0.408417 3.12014e-06
0.410251 3.08452e-05
0.418984 0.000162979
0.447845 0.000600303
0.493277 0.00128871
0.497836 0.00135778
0.499261 0.00137936
0.4995 0.00138299

0.001 0.000885
0.00150001 0.000884995
0.00353846 0.000884838
0.00904868 0.000879597
0.0135988 0.000836264
0.0158567 0.000763003
0.0188166 0.000607771
0.0222077 0.000441399
0.0264714 0.000285493
0.0316949 0.000128344
0.0353026 2.84489e-05
0.0358651 1.31839e-05
0.0362581 2.55137e-06
0.0363526 0
0.0363526 0
0.036447 2.55137e-06
0.0378567 4.05086e-05
0.0415104 0.000138096
0.0526728 0.000434698
0.0652945 0.000771005
0.0763637 0.00107276
0.084986 0.00134447
0.091159 0.00163291
0.0949135 0.00187308
0.0981482 0.00202406
0.101305 0.0020161
0.104687 0.00192514
0.109593 0.00181486
0.115783 0.00173736
0.123963 0.0016776
0.135097 0.00161465
0.14988 0.00153576
0.173045 0.00141291
0.217494 0.00117725
0.248305 0.00101389
0.280575 0.000842801
0.298821 0.000746075
0.315872 0.000655947
0.331214 0.000578481
0.345719 0.000532208
0.357441 0.000511197
0.366793 0.00045519
0.374815 0.000364976
0.384304 0.000235587
0.397109 5.05106e-05
0.399358 1.75927e-05
0.400519 5.9336e-07
0.400559 0
0.400559 0
0.4006 5.9336e-07
0.405594 7.38946e-05
0.426714 0.000384902
0.460487 0.000882626
0.486718 0.00126907
0.495393 0.00139686
0.498105 0.0014368
0.4995 0.00145735

0.001 0.000915
0.00150001 0.000914995
0.00353911 0.000914833
0.00907305 0.000909354
0.013601 0.000864662
0.0158471 0.000789453
0.0192376 0.000604644
0.0241994 0.000376537
0.0305033 0.000169288
0.0345835 5.13857e-05
0.035543 2.44485e-05
0.036181 6.64153e-06
0.0363914 7.82706e-07
0.0364196 0
0.0364196 0
0.0364477 7.82706e-07
0.0372609 2.33564e-05
0.0394814 8.4626e-05
0.0439827 0.000207995
0.0552039 0.000514949
0.0687056 0.000886115
0.0800134 0.00121221
0.0864823 0.00144208
0.0933114 0.00181787
0.0972361 0.00205248
0.100721 0.00208426
0.104411 0.00198792
0.109255 0.00187372
0.115306 0.00179364
0.123491 0.00173189
0.134562 0.00166885
0.149132 0.00159109
0.171816 0.0014709
0.214851 0.00124294
0.243992 0.00108859
0.279636 0.000899778
0.300477 0.000789405
0.31825 0.000695713
0.332533 0.000625247
0.346209 0.000587506
0.357315 0.000573211
0.366979 0.000517213
0.375256 0.000420663
0.3857 0.000271411
0.399114 6.83667e-05
0.401498 3.18754e-05
0.402566 1.55009e-05
0.403233 5.26667e-06
0.403442 2.06845e-06
0.403577 0
0.403577 0
0.403712 2.06845e-06
0.404754 1.80595e-05
0.409451 9.0208e-05
0.42843 0.000382412
0.463312 0.000919817
0.490411 0.0013372
0.499422 0.00147597
0.4995 0.00147716

0.001 0.000945
0.00150001 0.000944995
0.00353976 0.000944828
0.00909804 0.000939104
0.0136031 0.00089306
0.0158376 0.000815922
0.0191201 0.00063137
0.0238894 0.000400838
0.0299687 0.00019085
0.0343983 5.76639e-05
0.0361742 6.15448e-06
0.0363017 2.4823e-06
0.0363879 0
0.0363879 0
0.0364741 2.4823e-06
0.0369496 1.61624e-05
0.0381152 4.95616e-05
0.0416166 0.000149217
0.0510493 0.000416389
0.0633647 0.000765903
0.074538 0.00108801
0.0861225 0.00147859
0.0917781 0.00177918
0.0962854 0.00208169
0.0995808 0.00217144
0.103002 0.00210003
0.106776 0.00199094
0.113449 0.00187152
0.120885 0.00180169
0.131811 0.00172957
0.145363 0.00164829
0.165614 0.00152824
0.20192 0.00131315
0.294388 0.00076538
0.31637 0.00063545
0.330475 0.000555074
0.341638 0.0005053
0.351476 0.00047889
0.360587 0.000443379
0.369538 0.000364101
0.377492 0.000261765
0.388699 0.000100308
0.392307 4.69177e-05
0.395429 4.89967e-07
0.395461 0
0.395461 0
0.395494 4.89967e-07
0.410689 0.000227884
0.43577 0.000604458
0.474428 0.00118474
0.489601 0.00141243
0.498179 0.00154113
0.4995 0.00156095

0.001 0.000975
0.00150001 0.000974995
0.00354041 0.000974823
0.00912368 0.000968847
0.0136048 0.000921471
0.0158317 0.000842256
0.019054 0.000655453
0.0237174 0.000420493
0.0296722 0.000206137
0.0343242 6.12195e-05
0.0361497 6.50953e-06
0.0362968 2.13059e-06
0.0363685 0
0.0363685 0
0.0364401 2.13059e-06
0.0370324 1.97226e-05
0.0384646 6.20734e-05
0.0414291 0.000149185
0.0470264 0.000312954
0.0585427 0.000650045
0.0736458 0.00109712
0.0828608 0.00139742
0.0887812 0.00165664
0.0940323 0.001999
0.0976362 0.00221364
0.100922 0.00222636
0.104423 0.00212377
0.109083 0.00200253
0.114922 0.00191446
0.123787 0.00183767
0.135258 0.00176198
0.150215 0.00166858
0.173627 0.0015232
0.218806 0.00124272
0.255813 0.00101297
0.284688 0.00083371
0.301256 0.000730869
0.317831 0.000628339
0.333679 0.00053548
0.344562 0.000489943
0.354763 0.000458893
0.364069 0.000403997
0.372662 0.000308488
0.381082 0.000191169
0.392939 1.46555e-05
0.393446 7.005e-06
0.393715 2.94708e-06
0.39391 -4.23516e-22
0.39391 -4.23516e-22
0.394106 2.94708e-06
0.395448 2.32363e-05
0.400439 9.88308e-05
0.416094 0.000336891
0.444149 0.000764092
0.487479 0.00142352
0.496112 0.00155486
0.498809 0.00159591
0.4995 0.00160641

0.001 0.001005
0.00150001 0.00100499
0.00354113 0.00100482
0.0091527 0.000998573
0.0136259 0.000949408
0.0158678 0.00086654
0.018741 0.000695268
0.022777 0.000474745
0.0279537 0.000270814
0.0343848 6.04606e-05
0.0354415 2.76901e-05
0.0359632 1.16084e-05
0.0362675 2.25258e-06
0.0363409 0
0.0363409 0
0.0364142 2.25258e-06
0.0374154 3.29234e-05
0.0393852 9.29134e-05
0.0453391 0.000272988
0.0557473 0.000587361
0.0695077 0.00100532
0.0807232 0.00136552
0.0869757 0.00161803
0.0928719 0.00197765
0.0964684 0.00223241
0.0995843 0.00231622
0.103186 0.00223131
0.107183 0.00210793
0.112798 0.00199733
0.119998 0.00191754
0.131296 0.00183066
0.144786 0.0017369
0.164726 0.00159992
0.200162 0.00135667
0.288868 0.000747741
0.305656 0.000632531
0.321906 0.000521627
0.333902 0.000443698
0.344675 0.000386951
0.354816 0.000338971
0.363992 0.000270529
0.37257 0.000170664
0.380808 5.75192e-05
0.383784 1.51017e-05
0.384478 5.14692e-06
0.384773 9.16317e-07
0.384837 1.05879e-22
0.384837 1.05879e-22
0.384901 9.16317e-07
0.386264 2.05297e-05
0.390274 7.85029e-05
0.405075 0.000294054
0.427187 0.000617016
0.461166 0.00111292
0.487616 0.00149869
0.496375 0.00162642
0.499113 0.00166634
0.4995 0.00167198

0.001 0.001035
0.00150001 0.00103499
0.00354219 0.00103481
0.00919663 0.00102824
0.0136609 0.000976975
0.0159189 0.000889958
0.0187139 0.000717872
0.022608 0.000496869
0.0275942 0.000291806
0.033594 8.74598e-05
0.0354699 2.73095e-05
0.0359519 1.19986e-05
0.0362431 2.77406e-06
0.0363307 -4.23516e-22
0.0363307 -4.23516e-22
0.0364184 2.77406e-06
0.0378809 4.89045e-05
0.0423347 0.000188147
0.0497106 0.000417689
0.0619452 0.000799056
0.0735671 0.00116595
0.0857321 0.00160861
0.0913407 0.0019261
0.0950961 0.00220987
0.0982234 0.0023751
0.101189 0.00236153
0.104902 0.00223907
0.109812 0.00210668
0.115986 0.00201109
0.125174 0.0019239
0.136517 0.0018362
0.152087 0.00172032
0.176779 0.00153724
0.225949 0.0011727
0.293978 0.000668368
0.31544 0.000509457
0.330767 0.000398257
0.341302 0.000329855
0.350683 0.000275619
0.359308 0.000214131
0.368384 0.000118245
0.376339 1.36406e-05
0.377013 4.37489e-06
0.37733 0
0.37733 0
0.377648 4.37489e-06
0.379387 2.84358e-05
0.387646 0.000144336
0.40139 0.000339171
0.421447 0.000623934
0.452323 0.00106169
0.47627 0.00140089
0.491891 0.00162209
0.496286 0.00168432
0.499033 0.00172322
0.4995 0.00172983

0.001 0.001065
0.00150001 0.00106499
0.00354325 0.00106481
0.0092426 0.00105789
0.0136095 0.0010067
0.0158033 0.000921874
0.0187695 0.000734818
0.0222182 0.000530328
0.0265725 0.000338755
0.0317408 0.000151452
0.0353967 2.93221e-05
0.0361702 4.00961e-06
0.0362931 0
0.0362931 0
0.0364159 4.00961e-06
0.0383238 6.6007e-05
0.0428111 0.000210556
0.0503857 0.000453642
0.0624356 0.00084108
0.0738495 0.00121306
0.0844898 0.00160414
0.0899417 0.00189214
0.0945402 0.00223803
0.0982289 0.00245179
0.101695 0.00242088
0.105482 0.00228732
0.110783 0.00214835
0.117192 0.00205275
0.127293 0.0019552
0.139477 0.00185449
0.15653 0.00171682
0.184663 0.00149013
0.245038 0.00100364
0.268847 0.000811793
0.297481 0.000581086
0.314704 0.00044245
0.32992 0.00032152
0.341005 0.000238942
0.350849 0.00016767
0.359762 8.80438e-05
0.364472 3.53992e-05
0.366312 1.29664e-05
0.366838 6.39438e-06
0.3672 1.84811e-06
0.367346 -2.11758e-22
0.367346 -2.11758e-22
0.367492 1.84811e-06
0.369268 2.45663e-05
0.372935 7.28459e-05
0.38137 0.000187092
0.393325 0.000350564
0.409513 0.00057172
0.433938 0.000904462
0.471662 0.00141724
0.486439 0.00161797
0.494785 0.00173132
0.497393 0.00176674
0.499023 0.00178888
0.4995 0.00179536

0.001 0.001095
0.00150001 0.00109499
0.00354431 0.0010948
0.00929083 0.00108752
0.0136534 0.00103388
0.0158871 0.000943313
0.0187231 0.000758556
0.0226951 0.000520573
0.0277885 0.000300089
0.033903 8.0345e-05
0.0358743 1.3513e-05
0.0360957 6.0688e-06
0.0362343 1.41624e-06
0.0362764 0
0.0362764 0
0.0363186 1.41624e-06
0.0370129 2.468e-05
0.038529 7.52348e-05
0.0419335 0.000188014
0.0514558 0.000502195
0.0633845 0.000896618
0.0745693 0.00127229
0.0847802 0.0016626
0.0903035 0.00196972
0.094866 0.00232698
0.09854 0.0025263
0.101618 0.00248949
0.105326 0.00235449
0.110535 0.00221059
0.116994 0.00210853
0.126848 0.00200791
0.138812 0.00190359
0.155478 0.00176187
0.18278 0.00153019
0.240312 0.00104201
0.267704 0.000809581
0.293583 0.000589992
0.312885 0.000426312
0.328246 0.000297117
0.338643 0.000213002
0.348169 0.000137811
0.356193 6.50036e-05
0.360944 1.33161e-05
0.362021 6.12991e-07
0.362073 0
0.362073 0
0.362124 6.12991e-07
0.36554 4.29196e-05
0.371827 0.000125974
0.379657 0.000232472
0.391118 0.000388589
0.406259 0.000593881
0.429032 0.00090137
0.464118 0.00137373
0.491475 0.00174166
0.496028 0.00180288
0.498873 0.00184114
0.4995 0.00184957

0.001 0.001125
0.00150001 0.00112499
0.00354538 0.0011248
0.00934153 0.00111713
0.0137891 0.00105834
0.0160163 0.000961849
0.0187872 0.000774632
0.022632 0.000537692
0.027533 0.000317894
0.033566 9.36436e-05
0.0353919 2.97639e-05
0.0360297 7.67317e-06
0.0362083 1.50195e-06
0.0362518 2.11758e-22
0.0362518 2.11758e-22
0.0362953 1.50195e-06
0.0371911 3.236e-05
0.0391206 9.84347e-05
0.0438552 0.000259451
0.0521751 0.000541732
0.064538 0.000962315
0.0756569 0.0013481
0.0850639 0.00172415
0.0909416 0.00207282
0.0948628 0.00239426
0.0981596 0.00259117
0.101269 0.00257103
0.10462 0.0024454
0.109306 0.00229783
0.115511 0.00218233
0.1244 0.00207951
0.135592 0.00197355
0.150582 0.00183706
0.174253 0.00162239
0.220238 0.00120543
0.290585 0.000567582
0.309477 0.000396331
0.326937 0.000238751
0.337551 0.000144778
0.347829 5.22542e-05
0.352345 6.87977e-06
0.352781 2.24529e-06
0.35299 0
0.35299 0
0.3532 2.24529e-06
0.354445 1.57736e-05
0.356969 4.44924e-05
0.361272 9.73688e-05
0.368759 0.000196863
0.376145 0.000296427
0.387187 0.000442563
0.401103 0.00062399
0.421226 0.000884227
0.452253 0.00128369
0.476407 0.00159417
0.492203 0.00179714
0.496647 0.00185423
0.499424 0.00188991
0.4995 0.00189088

0.001 0.001155
0.00150001 0.00115499
0.00354645 0.00115479
0.00939495 0.0011467
0.013688 0.00108958
0.015874 0.000995736
0.0180878 0.000846363
0.0203646 0.00068543
0.0234754 0.000507716
0.0278217 0.00031358
0.0352148 3.53588e-05
0.0357562 1.6039e-05
0.0361743 1.16438e-06
0.0362071 0
0.0362071 0
0.0362398 1.16438e-06
0.0383446 7.55601e-05
0.0442335 0.000281683
0.0562739 0.000702077
0.0701709 0.00119038
0.081561 0.00161774
0.0876484 0.00191346
0.0931647 0.0023172
0.0968444 0.00261181
0.100062 0.00267583
0.103408 0.00256443
0.107317 0.00241933
0.114167 0.00226356
0.122312 0.00215753
0.133031 0.00204858
0.147226 0.00191225
0.168634 0.00170801
0.20817 0.00133095
0.26592 0.000780172
0.304279 0.000414355
0.321848 0.000247093
0.333654 0.000135667
0.341092 6.55528e-05
0.345493 2.24125e-05
0.347138 5.56913e-06
0.347414 2.68448e-06
0.34767 0
0.34767 0
0.347927 2.68448e-06
0.349156 1.56979e-05
0.351956 4.66515e-05
0.357894 0.000119127
0.366764 0.000240699
0.374485 0.000347517
0.384146 0.00047649
0.397151 0.000645851
0.415271 0.000878933
0.443109 0.00123483
0.486398 0.00178679
0.495044 0.00189696
0.497745 0.00193138
0.499434 0.0019529
0.4995 0.00195374

0.001 0.001185
0.00150001 0.00118499
0.00354752 0.00118479
0.0094514 0.00117624
0.0134717 0.00112413
0.0156391 0.00103506
0.0183641 0.000847505
0.0213153 0.000641923
0.0250517 0.000443295
0.0298338 0.000239428
0.0334449 0.000100978
0.0353657 2.99337e-05
0.0361297 1.97722e-06
0.0361839 0
0.0361839 0
0.036238 1.97722e-06
0.0379726 6.50142e-05
0.0413896 0.000188179
0.0509009 0.000529305
0.0626855 0.00095275
0.0740921 0.00136845
0.0845278 0.0017982
0.0904073 0.00215256
0.0945281 0.00250495
0.0978786 0.00273412
0.10086 0.00273058
0.104044 0.00260497
0.108168 0.00245328
0.113529 0.00232736
0.121524 0.00221153
0.132979 0.00208398
0.147062 0.00193619
0.168336 0.00171431
0.207555 0.00130542
0.269421 0.000660409
0.305844 0.000280682
0.323105 0.00010086
0.332097 7.00304e-06
0.332537 2.37429e-06
0.332763 0
0.332763 0
0.332989 2.37429e-06
0.334602 1.94005e-05
0.339865 7.62939e-05
0.347958 0.000172836
0.355693 0.000281869
0.365133 0.000430398
0.373449 0.000551976
0.382072 0.000664802
0.394273 0.000814796
0.410675 0.00101079
0.435798 0.00130733
0.474637 0.00176349
0.489907 0.00194263
0.498544 0.00204395
0.4995 0.00205516

0.001 0.001215
0.00150001 0.00121499
0.0035486 0.00121478
0.00951123 0.00120575
0.0135246 0.00115113
0.0156836 0.00105879
0.0183574 0.000869373
0.0212797 0.000660114
0.0249769 0.000457616
0.0296999 0.000250205
0.0345182 6.17114e-05
0.0355536 2.26141e-05
0.0360085 5.53214e-06
0.0360984 2.15971e-06
0.036156 0
0.036156 0
0.0362137 2.15971e-06
0.0366641 1.90222e-05
0.0382468 7.79805e-05
0.0415061 0.000198545
0.0494634 0.000491564
0.0614684 0.000934268
0.0733517 0.0013778
0.0841267 0.00182744
0.0900398 0.00218332
0.0948924 0.00260707
0.098743 0.0028296
0.101938 0.00276501
0.10544 0.00261394
0.110476 0.00245095
0.117031 0.00232499
0.126805 0.00219811
0.138799 0.00206211
0.155475 0.00187698
0.182816 0.00157399
0.240422 0.000935621
0.29428 0.000338796
0.313081 0.000130481
0.319342 6.11147e-05
0.323544 1.45273e-05
0.324457 4.39098e-06
0.324853 0
0.324853 0
0.325248 4.39098e-06
0.328023 3.52465e-05
0.334563 0.000108953
0.346544 0.000259084
0.356448 0.000414953
0.365825 0.00057613
0.373791 0.000695055
0.382643 0.000808528
0.395024 0.000954548
0.412008 0.00114765
0.437806 0.00143657
0.477679 0.00188061
0.493397 0.00205545
0.497844 0.00210491
0.499234 0.00212037
0.4995 0.00212333

0.001 0.001245
0.00150001 0.00124499
0.00354968 0.00124477
0.00957486 0.00123521
0.0136126 0.00117695
0.0157302 0.00108212
0.0184415 0.000883794
0.021406 0.000667614
0.0251484 0.000459634
0.0299544 0.000244718
0.0334581 0.000103418
0.0354646 2.52854e-05
0.0359747 5.62401e-06
0.0360517 2.65937e-06
0.0361209 0
0.0361209 0
0.03619 2.65937e-06
0.0365758 1.74828e-05
0.037854 6.63955e-05
0.0416598 0.000210909
0.0530578 0.000641648
0.0657998 0.0011247
0.0767641 0.00155086
0.0852337 0.00193432
0.0910509 0.00232324
0.0951012 0.0026966
0.098484 0.00290166
0.101732 0.0028447
0.105292 0.00268417
0.110559 0.00250444
0.117068 0.0023718
0.126808 0.00223464
0.138792 0.00208588
0.155467 0.0018829
0.182803 0.00155068
0.240393 0.000850808
0.294209 0.000196806
0.303625 8.23769e-05
0.30702 4.11118e-05
0.309142 1.53218e-05
0.310344 7.19457e-07
0.310403 -1.05879e-22
0.310403 -1.05879e-22
0.310462 7.19457e-07
0.316468 7.37356e-05
0.330422 0.000244824
0.341548 0.00039389
0.351369 0.000560388
0.361018 0.000754813
0.369995 0.000914781
0.378015 0.00102162
0.389272 0.00114495
0.403873 0.00129085
0.425387 0.0014983
0.458407 0.00181244
0.484064 0.00205571
0.492521 0.00213586
0.497807 0.00218594
0.499458 0.00220159
0.4995 0.00220198

0.001 0.001275
0.00150001 0.00127499
0.00355077 0.00127477
0.00964281 0.00126465
0.0133895 0.00121207
0.0155206 0.00112079
0.0182659 0.000919445
0.0212238 0.000695833
0.0249891 0.000478722
0.0296712 0.000262628
0.0342387 7.44594e-05
0.0357845 1.30962e-05
0.0359867 5.11867e-06
0.0361133 1.3281e-07
0.0361166 0
0.0361166 0
0.03612 1.3281e-07
0.0367541 2.50629e-05
0.0384205 9.02351e-05
0.0425993 0.000252439
0.0515617 0.000599085
0.0634797 0.00106111
0.0746288 0.00150027
0.0845787 0.00194476
0.0904116 0.00232462
0.0946646 0.00271879
0.0980956 0.00296035
0.101315 0.00292713
0.104816 0.00276612
0.109539 0.00258889
0.115654 0.00244804
0.124656 0.00230993
0.135966 0.00216224
0.151349 0.00196722
0.175639 0.00166018
0.223388 0.00105666
0.298739 0.000104256
0.303832 3.9881e-05
0.306548 5.54859e-06
0.306889 1.23785e-06
0.306987 0
0.306987 0
0.307085 1.23785e-06
0.30879 2.27916e-05
0.316673 0.000122481
0.333253 0.000335463
0.344291 0.000499425
0.354625 0.000698953
0.3646 0.000909232
0.373272 0.00105041
0.382084 0.00115719
0.394301 0.00128323
0.410754 0.00144149
0.435887 0.00167669
0.474742 0.00203681
0.490007 0.00217802
0.498644 0.00225791
0.4995 0.00226582

0.001 0.001305
0.00150001 0.00130499
0.00355186 0.00130476
0.00971567 0.00129404
0.0132316 0.00124527
0.015422 0.00115311
0.0179787 0.000964966
0.0205629 0.00075855
0.0245966 0.000509967
0.0293923 0.000280246
0.0330883 0.000122494
0.0348944 4.83356e-05
0.0355108 2.32986e-05
0.0358546 9.37886e-06
0.0359894 3.92953e-06
0.0360867 0
0.0360867 0
0.036184 3.92953e-06
0.0368597 3.11774e-05
0.0384003 9.29849e-05
0.0423684 0.000251056
0.0498233 0.000546907
0.0617507 0.00102107
0.0734867 0.00149347
0.0840201 0.00196702
0.0898895 0.00234446
0.0947253 0.00279936
0.0979668 0.00303742
0.100996 0.00301563
0.104262 0.00285939
0.108629 0.00267499
0.114732 0.00251271
0.122502 0.0023758
0.133749 0.00221075
0.148221 0.00200684
0.170395 0.00169572
0.211867 0.00111395
0.270213 0.000295454
0.290949 4.56001e-06
0.291274 0
0.291274 0
0.291599 4.56001e-06
0.313373 0.000310092
0.328657 0.000526834
0.339119 0.000690045
0.34865 0.000883081
0.356638 0.00108338
0.365453 0.00129661
0.373366 0.00142682
0.381898 0.00151849
0.393975 0.0016172
0.410574 0.00173624
0.43555 0.0019064
0.474114 0.00216468
0.48924 0.00226569
0.497789 0.00232275
0.499125 0.00233167
0.4995 0.00233417

0.001 0.001335
0.00150001 0.00133499
0.00355295 0.00133476
0.00979427 0.00132337
0.0131865 0.00127537
0.0155687 0.00117112
0.0179539 0.000989522
0.020429 0.000786095
0.0235513 0.00058015
0.0282668 0.000338082
0.034809 5.24617e-05
0.0359004 7.12058e-06
0.0360335 1.61544e-06
0.0360725 2.11758e-22
0.0360725 2.11758e-22
0.0361116 1.61544e-06
0.0367785 2.91422e-05
0.0383564 9.39362e-05
0.0428431 0.00027676
0.0504096 0.000584001
0.0622238 0.00106465
0.0737145 0.00153832
0.0841192 0.00201855
0.0899357 0.002403
0.0947293 0.00286527
0.0979722 0.00310856
0.101005 0.00308428
0.104279 0.00292275
0.108642 0.00273367
0.114883 0.00256372
0.123312 0.00241217
0.134115 0.00224832
0.148733 0.00203426
0.171239 0.00170593
0.213729 0.00108615
0.274594 0.000198353
0.283897 6.26472e-05
0.286805 2.02392e-05
0.287713 6.98671e-06
0.287997 2.8453e-06
0.288192 0
0.288192 0
0.288387 2.8453e-06
0.289807 2.35523e-05
0.296905 0.000127088
0.315779 0.000402574
0.332717 0.000655647
0.344076 0.000862004
0.353923 0.00110428
0.363233 0.00135187
0.371872 0.0015151
0.379857 0.00160788
0.391385 0.00170393
0.406819 0.00181227
0.429893 0.00196349
0.465409 0.00219075
0.493108 0.00236711
0.497722 0.00239646
0.499164 0.00240563
0.4995 0.00240777

0.001 0.001365
0.00150001 0.00136499
0.00355405 0.00136476
0.0098795 0.00135263
0.0130837 0.00130701
0.0152733 0.00121563
0.017409 0.00105894
0.0195367 0.000875383
0.0222694 0.000672714
0.0267034 0.00042172
0.0320936 0.000170279
0.035611 1.85259e-05
0.0358776 7.21504e-06
0.0359819 2.79695e-06
0.0360479 0
0.0360479 0
0.036114 2.79695e-06
0.0366363 2.4888e-05
0.0380728 8.5352e-05
0.0417726 0.000239939
0.0501597 0.000588815
0.062017 0.0010829
0.0735718 0.00157056
0.0839975 0.00206191
0.0897465 0.00244676
0.0946705 0.00293079
0.0978347 0.00318095
0.100538 0.0031759
0.104227 0.00299152
0.108687 0.00278974
0.114902 0.00261198
0.123306 0.00245055
0.134042 0.00227503
0.148692 0.00204332
0.171164 0.00168919
0.213553 0.00102129
0.274168 6.62182e-05
0.276518 2.91855e-05
0.277987 6.03998e-06
0.278216 2.42349e-06
0.27837 0
0.27837 0
0.278524 2.42349e-06
0.279672 2.05059e-05
0.28541 0.000110918
0.314096 0.000563127
0.327276 0.000773336
0.337592 0.000953557
0.347696 0.00118819
0.356163 0.00144046
0.365182 0.00169699
0.373377 0.00184059
0.381953 0.00192375
0.394075 0.00200061
0.410767 0.00208503
0.435908 0.00220089
0.474746 0.00237452
0.489994 0.00244234
0.498619 0.00248067
0.4995 0.00248459

0.001 0.001395
0.00150001 0.00139499
0.00355516 0.00139475
0.00919193 0.00138614
0.0134752 0.00132442
0.0156138 0.00122173
0.01796 0.00103437
0.0203681 0.000826975
0.0233943 0.000616437
0.0276416 0.000384688
0.0338473 9.75282e-05
0.0358937 8.33459e-06
0.0360553 1.34943e-06
0.0360865 0
0.0360865 0
0.0361177 1.34943e-06
0.0369279 3.62771e-05
0.0388227 0.000117472
0.043294 0.000307695
0.0511484 0.00064092
0.0628056 0.00113654
0.0741499 0.00162583
0.0842733 0.00211703
0.0899549 0.00251148
0.0946511 0.00298544
0.0976859 0.0032365
0.100491 0.00323814
0.103506 0.00308687
0.107056 0.00290715
0.112901 0.0027079
0.120725 0.0025388
0.130869 0.00236329
0.144147 0.00214557
0.163807 0.00182543
0.198451 0.00126153
0.241042 0.000568279
0.267661 0.000134998
0.275018 1.52587e-05
0.275592 5.90412e-06
0.275952 5.74785e-08
0.275955 0
0.275955 0
0.275959 5.74785e-08
0.277755 2.92907e-05
0.286735 0.000175457
0.30631 0.000494117
0.323314 0.0007722
0.33456 0.000966379
0.344986 0.00119586
0.35496 0.00149437
0.364022 0.00177116
0.372559 0.00193602
0.380782 0.00202021
0.392552 0.00209476
0.408446 0.00217133
0.432397 0.00227399
0.469348 0.00242618
0.49824 0.00254425
0.499448 0.00254918
0.4995 0.00254939

0.001 0.001425
0.00150001 0.00142499
0.00355626 0.00142475
0.00904501 0.00141663
0.0135537 0.00135037
0.015704 0.00124211
0.0183666 0.00101954
0.021281 0.000773591
0.0249692 0.000535689
0.0296939 0.000291264
0.0344255 7.306e-05
0.0353612 3.13845e-05
0.0358106 1.14691e-05
0.0359545 5.10617e-06
0.0360445 1.12935e-06
0.0360701 0
0.0360701 0
0.0360956 1.12935e-06
0.0365463 2.10138e-05
0.0379633 8.32486e-05
0.0408781 0.000210378
0.0465588 0.000456911
0.0590191 0.000997871
0.0742666 0.00166832
0.0828796 0.00208667
0.0887877 0.00247072
0.0941073 0.00299362
0.0973469 0.00329359
0.0999851 0.0033262
0.103145 0.00317318
0.107106 0.00296348
0.112341 0.00277398
0.119509 0.00260414
0.130492 0.0023998
0.143522 0.00217184
0.162836 0.00183637
0.196525 0.00125147
0.237185 0.000545536
0.262598 0.000104325
0.266569 3.53857e-05
0.26781 1.38422e-05
0.268585 3.7754e-07
0.268607 0
0.268607 0
0.268629 3.7754e-07
0.272507 6.7701e-05
0.291895 0.00040432
0.310804 0.000732749
0.326642 0.00101079
0.337016 0.00121128
0.347829 0.00149751
0.356785 0.00180741
0.365717 0.00208886
0.3736 0.00222871
0.382678 0.00230549
0.395047 0.00236138
0.412191 0.00241423
0.438147 0.00248142
0.478308 0.00257957
0.494134 0.00261789
0.498613 0.00262872
0.499313 0.00263042
0.4995 0.00263087

0.001 0.001455
0.00150001 0.00145499
0.00355738 0.00145474
0.00924276 0.00144557
0.0133456 0.00138597
0.0154577 0.00128519
0.0178816 0.00108659
0.0199737 0.000895954
0.0231869 0.000656219
0.028663 0.000348578
0.0323335 0.000171046
0.035666 1.80326e-05
0.0360468 8.26975e-07
0.0360651 0
0.0360651 0
0.0360835 8.26975e-07
0.0372754 5.44454e-05
0.0396809 0.000161887
0.0440672 0.000356572
0.0524823 0.000729448
0.0649212 0.00128222
0.0759691 0.00178362
0.0848524 0.0022469
0.0903588 0.00266069
0.0948828 0.00314562
0.0984704 0.00340644
0.101331 0.00333939
0.104447 0.0031576
0.110239 0.00288811
0.116653 0.00270405
0.125977 0.00250773
0.137768 0.00228408
0.153974 0.00198184
0.18021 0.00149324
0.234086 0.000489938
0.257702 5.01396e-05
0.259547 1.57803e-05
0.260124 5.04303e-06
0.260304 1.68764e-06
0.260394 0
0.260394 0
0.260485 1.68764e-06
0.261386 1.84646e-05
0.26589 0.00010235
0.288413 0.000521775
0.310577 0.000934687
0.326532 0.00123548
0.336906 0.00145256
0.347494 0.00176089
0.356319 0.00209997
0.3651 0.00241011
0.373201 0.00256428
0.382057 0.00263128
0.394256 0.00266494
0.41076 0.0026815
0.436018 0.00269158
0.475017 0.00270016
0.490332 0.0027031
0.499002 0.00270473
0.4995 0.00270482

0.001 0.001485
0.00150001 0.00148499
0.00355849 0.00148474
0.009297 0.00147513
0.0133987 0.00141301
0.0155014 0.00130915
0.0182477 0.00107443
0.0211638 0.000815898
0.0248767 0.000564331
0.0295528 0.000311258
0.0331647 0.000135961
0.0350044 4.99609e-05
0.0359656 5.55641e-06
0.036029 2.63882e-06
0.0360864 0
0.0360864 0
0.0361437 2.63882e-06
0.036461 1.72269e-05
0.0375531 6.72684e-05
0.0402044 0.000187937
0.0467474 0.000483913
0.058341 0.00100838
0.0733284 0.00169368
0.0825804 0.00215675
0.0885213 0.00255196
0.0937774 0.0030814
0.0969646 0.00340884
0.0997849 0.00346773
0.102718 0.00332069
0.1062 0.00311358
0.111776 0.00287833
0.118791 0.00268641
0.129826 0.00244967
0.142805 0.00218819
0.161616 0.00181192
0.194222 0.00116002
0.232629 0.00039215
0.244632 0.00015219
0.252133 2.21445e-06
0.252244 0
0.252244 0
0.252355 2.21445e-06
0.289861 0.000752094
0.305868 0.00107219
0.321847 0.00139341
0.33399 0.0016536
0.344542 0.00195748
0.354082 0.0023463
0.363156 0.00272461
0.371712 0.00292506
0.379672 0.0029877
0.391123 0.00300065
0.406385 0.00297798
0.429337 0.00292335
0.464625 0.00282956
0.492109 0.0027551
0.496683 0.00274268
0.4995 0.00273503

0.001 0.001515
0.00150001 0.00151499
0.00355979 0.00151473
0.00910956 0.00150587
0.013555 0.00143621
0.0156693 0.00132398
0.0183308 0.00108803
0.0212056 0.000828713
0.0248455 0.000577087
0.0294929 0.000319817
0.0330978 0.000140936
0.0349322 5.32913e-05
0.0359649 4.55461e-06
0.0360617 0
0.0360617 0
0.0361586 4.55461e-06
0.0382199 0.000101003
0.0432166 0.000332592
0.0529409 0.000781818
0.0654992 0.00136379
0.0764557 0.00188355
0.0849727 0.00235041
0.090425 0.00278089
0.0948978 0.00328424
0.098436 0.00355268
0.101244 0.00347903
0.104304 0.00328407
0.108491 0.00305458
0.114425 0.00283736
0.122594 0.00262596
0.133722 0.0023765
0.148257 0.00205997
0.170484 0.00157733
0.212105 0.000673723
0.24141 3.74786e-05
0.242555 1.26253e-05
0.242912 4.85866e-06
0.243136 0
0.243136 0
0.24336 4.85866e-06
0.245148 4.36919e-05
0.254092 0.000237858
0.298808 0.00120872
0.313606 0.00153041
0.329852 0.00189333
0.339617 0.00215789
0.348526 0.00250643
0.356202 0.00288331
0.365513 0.00328097
0.373398 0.00342862
0.382097 0.00345874
0.394294 0.00342248
0.410952 0.00333335
0.436342 0.00317709
0.475477 0.0029273
0.490836 0.00282876
0.4995 0.00277314

0.001 0.001545
0.00150001 0.00154499
0.00356129 0.00154473
0.00905207 0.00153599
0.0135467 0.00146508
0.0156564 0.0013513
0.0183163 0.00111097
0.0212083 0.000844662
0.0248756 0.000586261
0.0295148 0.000324464
0.0330704 0.000144423
0.0349217 5.41432e-05
0.0359958 2.41667e-06
0.0360461 0
0.0360461 0
0.0360965 2.41667e-06
0.0382911 0.00010715
0.0450926 0.00042837
0.055401 0.000914219
0.0690503 0.00156094
0.0798245 0.00209619
0.0867128 0.00251908
0.0931331 0.00313667
0.0959677 0.00346946
0.0985691 0.00362615
0.10112 0.00355452
0.104794 0.00331598
0.109505 0.00306688
0.115787 0.00284878
0.124686 0.00262149
0.13618 0.00235806
0.151624 0.0020107
0.176091 0.00146137
0.224471 0.000375196
0.234101 0.00015901
0.240119 2.38932e-05
0.241059 2.78122e-06
0.241183 0
0.241183 0
0.241307 2.78122e-06
0.246009 0.000108341
0.269518 0.00063614
0.291386 0.00112709
0.313146 0.00161607
0.329549 0.00199447
0.339318 0.0022664
0.348258 0.0026265
0.35596 0.00301892
0.364644 0.00341573
0.372722 0.00358853
0.381306 0.00362427
0.393087 0.0035885
0.409387 0.00349529
0.434022 0.00333187
0.471968 0.00307015
0.486821 0.0029671
0.495206 0.00290888
0.497826 0.00289069
0.499464 0.00287932
0.4995 0.00287906

0.001 0.001575
0.00150001 0.00157499
0.00356279 0.00157472
0.00897916 0.00156617
0.0134845 0.00149595
0.0155862 0.00138284
0.017711 0.00119365
0.01977 0.000988729
0.0223253 0.000772459
0.0253363 0.000568663
0.0299738 0.000306237
0.0333886 0.000131181
0.0355032 2.65158e-05
0.0360042 1.97679e-06
0.0360447 0
0.0360447 0
0.0360851 1.97679e-06
0.0374135 6.6709e-05
0.040063 0.000194845
0.0445663 0.000411345
0.053009 0.000816745
0.0656921 0.00142773
0.076611 0.0019666
0.085038 0.00244812
0.0904376 0.00289223
0.0948709 0.00341199
0.0983719 0.00369207
0.101279 0.00360884
0.104466 0.00339256
0.10929 0.00312261
0.115398 0.00289717
0.123914 0.00266508
0.134905 0.00239742
0.149709 0.00204447
0.172915 0.00149242
0.217352 0.000435381
0.233832 4.33556e-05
0.23512 1.27286e-05
0.235522 3.15763e-06
0.235655 0
0.235655 0
0.235788 3.15763e-06
0.237799 5.10123e-05
0.247858 0.000290286
0.298152 0.00148669
0.314067 0.00186582
0.331007 0.00228385
0.340791 0.00259077
0.349613 0.00299723
0.35737 0.0034319
0.366619 0.00384248
0.374573 0.0039688
0.384112 0.00396839
0.39704 0.00388634
0.415371 0.00372936
0.443234 0.00347047
0.486266 0.00306267
0.494822 0.0029814
0.497495 0.002956
0.499166 0.00294012
0.4995 0.00293695

0.001 0.001605
0.00150001 0.00160499
0.0035643 0.00160472
0.00894981 0.00159616
0.0134626 0.00152538
0.0155556 0.00141162
0.0177505 0.00121233
0.0198646 0.000998162
0.0227414 0.000755172
0.0268331 0.000487428
0.0326433 0.000170325
0.0345549 7.29357e-05
0.0356507 1.78863e-05
0.0359274 4.05359e-06
0.0360086 0
0.0360086 0
0.0360898 4.05359e-06
0.0371845 5.85671e-05
0.0392829 0.000162373
0.0442901 0.000408397
0.0560153 0.000983641
0.0698883 0.00166843
0.0808034 0.0022391
0.0871808 0.0026606
0.0931642 0.00327224
0.0962448 0.00364569
0.098885 0.00377933
0.101609 0.00366367
0.104851 0.0034326
0.109426 0.00317068
0.115722 0.00292915
0.124558 0.00267524
0.135808 0.00238281
0.151219 0.0019892
0.175442 0.00137156
0.222996 0.000159043
0.227657 4.02046e-05
0.229114 3.06763e-06
0.229234 0
0.229234 0
0.229354 3.06763e-06
0.236637 0.000188753
0.273049 0.00111718
0.299302 0.0017866
0.317474 0.00225121
0.331903 0.00263883
0.3428 0.00303466
0.352296 0.00355635
0.360929 0.00407985
0.368909 0.00437519
0.376085 0.0044427
0.386656 0.00439124
0.400169 0.00424656
0.420224 0.00399228
0.450727 0.00358612
0.497886 0.00295144
0.499075 0.00293542
0.4995 0.0029297

0.001 0.001635
0.00150001 0.00163499
0.00356581 0.00163471
0.00892105 0.00162615
0.013483 0.00155327
0.0155689 0.00143719
0.0177123 0.00123895
0.0206755 0.000939891
0.024563 0.000639081
0.0291576 0.000360352
0.0331969 0.000142583
0.0349068 5.40695e-05
0.0354587 2.57852e-05
0.0357804 9.34861e-06
0.0358993 3.27948e-06
0.0359636 0
0.0359636 0
0.036028 3.27948e-06
0.036624 3.36262e-05
0.0386552 0.000136416
0.0458146 0.000495508
0.0566388 0.00103772
0.0708261 0.00175343
0.0820928 0.00236509
0.0880941 0.00279513
0.0935166 0.00338907
0.096534 0.00375373
0.0991525 0.00385805
0.102009 0.00370946
0.105173 0.00347571
0.109999 0.00319879
0.11656 0.00294558
0.125744 0.00267212
0.137224 0.00235706
0.153196 0.00192449
0.178914 0.00122874
0.204948 0.000524481
0.21938 0.000134094
0.223889 1.20978e-05
0.224242 2.56685e-06
0.224337 0
0.224337 0
0.224431 2.56685e-06
0.226193 5.02215e-05
0.235001 0.000288495
0.279042 0.00147986
0.303857 0.00215126
0.321369 0.00262799
0.333602 0.00298769
0.34404 0.00342149
0.353056 0.00397416
0.361858 0.0045397
0.369849 0.00481612
0.377112 0.00485756
0.387862 0.00476994
0.40216 0.00457248
0.4233 0.0042402
0.455572 0.00371389
0.480547 0.00330373
0.496913 0.0030347
0.499201 0.00299709
0.4995 0.00299218

0.001 0.001665
0.00150001 0.00166499
0.00356733 0.00166471
0.00889307 0.00165613
0.0132043 0.00159199
0.0152743 0.0014855
0.0173564 0.00129908
0.020171 0.00100444
0.0241775 0.000676579
0.0290071 0.000374457
0.0329898 0.000154845
0.0348176 5.82307e-05
0.035845 4.60105e-06
0.0359334 0
0.0359334 0
0.0360219 4.60105e-06
0.0382163 0.00011812
0.0426038 0.000342988
0.0509426 0.000768823
0.0629103 0.00138131
0.0741594 0.00196542
0.0840506 0.00254089
0.0895912 0.00299421
0.0939492 0.0035173
0.0964626 0.00382605
0.0986775 0.00394011
0.101039 0.00384905
0.10394 0.003626
0.107485 0.00338026
0.113192 0.0031009
0.120881 0.00283118
0.13265 0.00247582
0.146634 0.00206637
0.167786 0.0014488
0.206478 0.000319232
0.212911 0.00013145
0.216931 1.40862e-05
0.217245 4.91712e-06
0.217414 0
0.217414 0
0.217582 4.91712e-06
0.219152 5.07624e-05
0.227004 0.000279989
0.266265 0.00142612
0.29611 0.00229743
0.312061 0.00276364
0.327448 0.00322365
0.337161 0.00356511
0.346042 0.00402757
0.353704 0.00457004
0.362107 0.00516209
0.369793 0.00543608
0.376811 0.00546044
0.387344 0.00533184
0.401745 0.00506059
0.422788 0.00461698
0.454855 0.00391916
0.479628 0.00337684
0.495828 0.00302193
0.498096 0.00297223
0.4995 0.00294147

0.001 0.001695
0.00150001 0.00169499
0.00356887 0.0016947
0.008866 0.00168611
0.0128007 0.00163363
0.0149938 0.00153196
0.0173479 0.00132353
0.0196508 0.00107485
0.022605 0.000806116
0.0266023 0.000525952
0.0321735 0.000200774
0.0357859 6.05178e-06
0.0358605 2.09756e-06
0.0359 0
0.0359 0
0.0359396 2.09756e-06
0.0363128 2.18689e-05
0.0373971 7.90884e-05
0.0395426 0.000191607
0.0442211 0.00043549
0.0545416 0.000972721
0.067649 0.00165801
0.0784246 0.00224168
0.0858737 0.00272385
0.0911037 0.00321899
0.0948435 0.00370824
0.0978524 0.00399987
0.100662 0.00394499
0.104085 0.00367661
0.108301 0.00338466
0.114093 0.00310608
0.1219 0.00282635
0.133444 0.00246037
0.147824 0.00201546
0.169688 0.00134058
0.210427 8.3199e-05
0.212189 2.88228e-05
0.212739 1.18303e-05
0.213083 1.20991e-06
0.213122 0
0.213122 0
0.213162 1.20991e-06
0.214882 5.43116e-05
0.223484 0.00031982
0.266496 0.00164736
0.297685 0.00261003
0.312972 0.00308258
0.328053 0.0035612
0.337556 0.00392129
0.347372 0.00449254
0.35561 0.00513887
0.363403 0.00569129
0.370408 0.00590873
0.377405 0.00590784
0.388087 0.00574021
0.402483 0.00541948
0.424084 0.00488943
0.456945 0.00406053
0.482354 0.00341643
0.499045 0.00299306
0.4995 0.00298151

0.001 0.001725
0.00150001 0.00172499
0.00357041 0.0017247
0.00884003 0.0017161
0.012685 0.00166601
0.0150484 0.00155555
0.0171698 0.00136601
0.0191983 0.00114216
0.0217596 0.000891246
0.0250108 0.000641167
0.0297015 0.000345697
0.0345307 7.42972e-05
0.0355863 1.70173e-05
0.035749 8.22522e-06
0.0358508 2.73023e-06
0.0359014 0
0.0359014 0
0.035952 2.73023e-06
0.0364619 3.02059e-05
0.0376738 9.52155e-05
0.0402869 0.000234484
0.0447268 0.00046986
0.0548358 0.00100537
0.0681947 0.00171637
0.0789452 0.00231159
0.0861605 0.00279432
0.0911077 0.00327608
0.0948387 0.00377377
0.0978349 0.00407022
0.100631 0.00401213
0.103959 0.00374129
0.108319 0.00342716
0.114087 0.00313796
0.121869 0.0028444
0.133038 0.00246958
0.147097 0.00200892
0.168469 0.00131026
0.207869 2.24439e-05
0.208284 8.87743e-06
0.208543 3.984e-07
0.208555 0
0.208555 0
0.208567 3.984e-07
0.209864 4.27935e-05
0.21635 0.000254769
0.248775 0.00131465
0.281201 0.00237453
0.298958 0.00295498
0.315152 0.00348552
0.330228 0.00399992
0.339891 0.00442413
0.348691 0.0050231
0.356095 0.00565977
0.363849 0.00623347
0.370491 0.00642856
0.377653 0.00640339
0.387704 0.00620437
0.402425 0.0058093
0.424112 0.00517274
0.457079 0.00418062
0.482539 0.00341104
0.499258 0.00290541
0.4995 0.00289808

0.001 0.001755
0.00150001 0.00175499
0.00357195 0.00175469
0.00890203 0.00174567
0.0131927 0.00167885
0.0152631 0.00156714
0.0173303 0.0013721
0.0201567 0.00105873
0.0242888 0.000702248
0.0292838 0.000373996
0.0334841 0.000130434
0.0355426 1.58749e-05
0.0356936 7.54852e-06
0.035788 2.34458e-06
0.0358305 0
0.0358305 0
0.0358731 2.34458e-06
0.0362602 2.36492e-05
0.0376003 9.70757e-05
0.041871 0.000329056
0.052058 0.000879829
0.0644465 0.00155143
0.0754773 0.00216096
0.0843418 0.00271648
0.08975 0.00319234
0.0939891 0.00373705
0.0969528 0.0041064
0.0995699 0.00415603
0.102307 0.0039585
0.105347 0.00369723
0.110302 0.00336883
0.116872 0.00306419
0.126459 0.00270541
0.138021 0.00229886
0.154442 0.00172671
0.181049 0.000800336
0.194809 0.000321282
0.203409 2.18726e-05
0.203745 1.01769e-05
0.203955 2.86713e-06
0.204037 0
0.204037 0
0.20412 2.86713e-06
0.205169 3.94161e-05
0.210418 0.000222161
0.236663 0.00113589
0.262907 0.00204961
0.289447 0.0029736
0.305934 0.00354787
0.321108 0.00408031
0.332799 0.0045232
0.34182 0.00499279
0.349922 0.00563117
0.357233 0.00631944
0.365144 0.00689236
0.372014 0.00702725
0.379458 0.00693918
0.390026 0.00666143
0.4057 0.0061526
0.429207 0.00533762
0.465052 0.00407284
0.492849 0.0030893
0.497473 0.00292565
0.498918 0.00287451
0.4995 0.0028539

0.001 0.001785
0.00150001 0.00178499
0.00357351 0.00178469
0.00890406 0.00177554
0.0131781 0.00170831
0.0152582 0.0015946
0.0173344 0.00139524
0.0192084 0.00117985
0.0215885 0.000936035
0.0248599 0.000671716
0.0294713 0.000368062
0.0328514 0.000167954
0.0347888 5.74772e-05
0.0358065 1.99567e-07
0.0358101 0
0.0358101 0
0.0358136 1.99567e-07
0.0389873 0.000176831
0.0462534 0.000577079
0.0576675 0.00120542
0.0721897 0.002012
0.0825225 0.00263616
0.0883403 0.0031032
0.0937285 0.00376613
0.0961926 0.00410509
0.0983363 0.0042483
0.100624 0.00416464
0.103096 0.0039489
0.106076 0.00369286
0.111659 0.00333684
0.118712 0.00301666
0.128674 0.0026333
0.141271 0.00216844
0.15951 0.00149895
0.190239 0.000371394
0.198924 5.26979e-05
0.200282 2.90174e-06
0.200361 0
0.200361 0
0.20044 2.90174e-06
0.207225 0.000251883
0.241152 0.00149679
0.27508 0.00274169
0.297633 0.0035693
0.315075 0.00421076
0.329106 0.00474566
0.337882 0.00515486
0.346767 0.00579279
0.354349 0.00652918
0.361719 0.00722172
0.368205 0.00752359
0.374183 0.00753622
0.383665 0.00732234
0.39677 0.0068726
0.415947 0.00613381
0.444941 0.00497852
0.489371 0.00319506
0.498217 0.00283973
0.4995 0.00278818

0.001 0.001815
0.00150001 0.00181499
0.00357507 0.00181468
0.00900032 0.00180494
0.0135019 0.00172473
0.0155688 0.00159693
0.0178932 0.00135421
0.0199724 0.00111447
0.0234335 0.00079209
0.0286825 0.000423017
0.0323965 0.000196462
0.0357194 3.88277e-06
0.0357873 0
0.0357873 0
0.0358553 3.88277e-06
0.0438024 0.000451951
0.0553594 0.00109995
0.0689342 0.00186517
0.0796074 0.00249483
0.0864748 0.00299101
0.0914056 0.00351327
0.0947976 0.0040008
0.0969499 0.00426568
0.0989025 0.00433088
0.101508 0.0041644
0.104394 0.00388955
0.108803 0.00354125
0.115053 0.00319188
0.123238 0.00283201
0.134018 0.00239566
0.148714 0.00181016
0.171248 0.000913727
0.192501 6.83085e-05
0.193786 1.71829e-05
0.194188 1.20617e-06
0.194218 0
0.194218 0
0.194249 1.20617e-06
0.196257 8.10899e-05
0.206298 0.000480509
0.256503 0.0024776
0.28001 0.0034127
0.29679 0.00408021
0.312705 0.0047143
0.326445 0.00527427
0.335969 0.00572443
0.343846 0.00627348
0.350854 0.00697088
0.35792 0.00776769
0.364978 0.00834061
0.371204 0.00844513
0.378112 0.00830125
0.387941 0.00791618
0.402686 0.00721474
0.424865 0.00608976
0.45868 0.00434371
0.484682 0.00299708
0.493238 0.00255387
0.498585 0.00227686
0.49942 0.00223357
0.4995 0.00222945

0.001 0.001845
0.00150001 0.00184499
0.00357665 0.00184468
0.00912095 0.00183416
0.0134733 0.00175483
0.0155299 0.00162722
0.0177548 0.00139363
0.0201295 0.00111598
0.0237263 0.000781545
0.0297941 0.000358919
0.0340838 9.89789e-05
0.0352349 3.15324e-05
0.0355068 1.56945e-05
0.0356558 7.02121e-06
0.0357491 1.60049e-06
0.0357766 0
0.0357766 0
0.0358042 1.60049e-06
0.0362712 2.87047e-05
0.037659 0.00010886
0.0411844 0.00031088
0.0489467 0.000753425
0.0608823 0.00143484
0.0731164 0.0021413
0.0832711 0.00278732
0.0889502 0.00328095
0.0940712 0.00395914
0.0963403 0.00427825
0.0984277 0.00440689
0.101181 0.00425863
0.104468 0.00393667
0.109429 0.00354119
0.116015 0.00317251
0.124808 0.00277512
0.136272 0.00228976
0.151795 0.00163954
0.176497 0.000605819
0.188696 9.53323e-05
0.190602 1.55688e-05
0.190899 3.10575e-06
0.190974 0
0.190974 0
0.191048 3.10575e-06
0.192537 6.5421e-05
0.199982 0.000376997
0.23721 0.00193488
0.274437 0.00349276
0.297406 0.00445405
0.313308 0.00512071
0.326629 0.00569269
0.335834 0.00615055
0.343287 0.00668973
0.349987 0.00738324
0.356479 0.00816439
0.363279 0.00883982
0.369181 0.00902713
0.374979 0.00894254
0.383546 0.0086108
0.396014 0.00797443
0.414573 0.00693448
0.443299 0.0052772
0.487008 0.0027392
0.495663 0.00223632
0.498368 0.00207917
0.499213 0.00203006
0.4995 0.00201339

0.001 0.001875
0.00150001 0.00187499
0.00357823 0.00187467
0.00919303 0.00186362
0.0132217 0.00179383
0.0153305 0.0016708
0.0175931 0.00143606
0.0198366 0.00116696
0.0226805 0.000882605
0.0266426 0.0005749
0.0323191 0.000207041
0.0340987 9.94858e-05
0.035268 2.98536e-05
0.0355567 1.2757e-05
0.0357375 2.07192e-06
0.0357726 0
0.0357726 0
0.0358076 2.07192e-06
0.0367144 5.5501e-05
0.0387117 0.000172418
0.0432628 0.000436837
0.0537683 0.00104572
0.0668188 0.00180507
0.0774502 0.00244197
0.0851653 0.00298104
0.0904814 0.00351316
0.0943091 0.00406301
0.0973328 0.00444278
0.100051 0.00441848
0.102987 0.00413707
0.10633 0.00381479
0.111978 0.0034111
0.118929 0.00304286
0.129514 0.00255465
0.142465 0.00197675
0.161269 0.00114081
0.1774 0.000423788
0.184124 0.000124922
0.186226 3.1526e-05
0.186882 2.33986e-06
0.186935 0
0.186935 0
0.186987 2.33986e-06
0.190271 0.000148271
0.206686 0.000877925
0.288766 0.00452625
0.31347 0.00562575
0.324834 0.00614143
0.334078 0.00660847
0.341204 0.00710171
0.347768 0.00777292
0.353844 0.00854187
0.360572 0.00938058
0.36561 0.00972698
0.370277 0.0097629
0.376537 0.00957555
0.385641 0.0091002
0.399266 0.00823837
0.419406 0.00687637
0.450815 0.0047095
0.498627 0.0013983
0.4995 0.00133784

0.001 0.001905
0.00150001 0.00190499
0.00357982 0.00190467
0.00938661 0.00189228
0.0133673 0.00181697
0.0153825 0.00169369
0.0176269 0.00145533
0.0199058 0.00117782
0.0233631 0.000837194
0.0283736 0.00046387
0.0356658 5.57617e-06
0.0357373 1.28269e-06
0.0357586 0
0.0357586 0
0.03578 1.28269e-06
0.0361377 2.27504e-05
0.0379369 0.000130133
0.0421048 0.000376727
0.050656 0.000880592
0.0629199 0.0016048
0.0741742 0.00227915
0.0839026 0.00293041
0.0894381 0.00344712
0.0936756 0.00403226
0.0958421 0.00436409
0.0979119 0.00454762
0.0999756 0.00449377
0.103118 0.00417999
0.106666 0.00382965
0.112617 0.00339835
0.119889 0.00300092
0.129814 0.00251775
0.142819 0.0019014
0.161713 0.00100879
0.178065 0.000236437
0.181482 7.50382e-05
0.182549 2.46012e-05
0.182883 8.83958e-06
0.182987 3.91409e-06
0.18307 0
0.18307 0
0.183153 3.91409e-06
0.183675 2.85415e-05
0.186282 0.000151679
0.199316 0.000767365
0.26449 0.0038458
0.286372 0.00487938
0.302818 0.00565639
0.317198 0.00633843
0.328898 0.00691537
0.336555 0.00736387
0.342883 0.00789398
0.348663 0.00857265
0.354567 0.0093936
0.361235 0.0102671
0.366012 0.0105519
0.370501 0.0105328
0.376997 0.0102607
0.386799 0.00962625
0.400856 0.00856264
0.421769 0.00689314
0.45464 0.00422733
0.479648 0.00219374
0.49594 0.000868631
0.498215 0.000683568
0.4995 0.000579043

0.001 0.001935
0.00150001 0.00193499
0.00358141 0.00193467
0.010207 0.00191545
0.0129612 0.00186126
0.0151257 0.0017419
0.0171395 0.00153836
0.0193686 0.00126045
0.0223842 0.000937852
0.0265334 0.000600473
0.0317438 0.000248774
0.0354388 1.8656e-05
0.0356301 6.95749e-06
0.03569 3.30173e-06
0.035744 0
0.035744 0
0.0357981 3.30173e-06
0.0360975 2.15807e-05
0.0376025 0.000113004
0.0423481 0.000398623
0.0505121 0.000887848
0.0626507 0.00161681
0.0740645 0.00231201
0.0838193 0.00297467
0.0893361 0.00349506
0.0942008 0.00418898
0.0966291 0.00453999
0.0987621 0.00463173
0.100962 0.00447727
0.103708 0.00417194
0.107046 0.00383773
0.113032 0.00339279
0.120549 0.00296257
0.130467 0.0024495
0.143524 0.00178887
0.162876 0.000812324
0.17131 0.000386735
0.176582 0.000120742
0.178229 3.76195e-05
0.178744 1.16437e-05
0.178905 3.5262e-06
0.178975 0
0.178975 0
0.179045 3.5262e-06
0.179849 4.41135e-05
0.183871 0.00024705
0.203981 0.00126173
0.304528 0.00633689
0.316961 0.00696663
0.32823 0.00755731
0.335873 0.00802375
0.341565 0.00850365
0.346867 0.00913567
0.351913 0.00986837
0.35791 0.0108003
0.36207 0.0113157
0.36582 0.0114913
0.369703 0.0114363
0.375266 0.0111447
0.38354 0.0105015
0.395682 0.00938855
0.413987 0.0075988
0.442167 0.00478472
0.485566 0.0004313
0.489827 3.64683e-06
0.489864 0
0.489864 0
0.4899 3.64683e-06
0.495227 0.000538213
0.498556 0.000872317
0.4995 0.000967018

0.001 0.001965
0.00150001 0.00196499
0.00358302 0.00196466
0.00924152 0.00195291
0.0131506 0.00188363
0.0152509 0.00175926
0.0172465 0.00154951
0.0192245 0.00129773
0.0217134 0.00101707
0.02494 0.000730743
0.0296458 0.000389178
0.0333595 0.000147036
0.0351302 3.56586e-05
0.0354732 1.42799e-05
0.0356234 4.93105e-06
0.0357027 0
0.0357027 0
0.035782 4.93105e-06
0.0365352 5.16779e-05
0.03813 0.0001501
0.0429376 0.000444383
0.0518491 0.000988098
0.0641762 0.00174227
0.0750948 0.00242224
0.0841239 0.00305581
0.0895342 0.00358488
0.0936109 0.00417168
0.0957178 0.00451209
0.0975375 0.00470241
0.0993019 0.00469546
0.10136 0.00450682
0.104026 0.00419357
0.107372 0.00384971
0.113147 0.00340291
0.120542 0.0029525
0.130741 0.00238744
0.144124 0.00166102
0.163819 0.000594449
0.172467 0.000126125
0.173818 5.29496e-05
0.174663 7.21497e-06
0.174795 6.89218e-08
0.174796 0
0.174796 0
0.174797 6.89218e-08
0.175457 3.57991e-05
0.178756 0.00021445
0.195252 0.00110771
0.277729 0.00557399
0.295196 0.00651985
0.30899 0.00726752
0.322035 0.00798153
0.331339 0.00852471
0.33727 0.00894332
0.342221 0.00942631
0.346836 0.0100416
0.351468 0.0107765
0.357494 0.0118114
0.361092 0.0123419
0.364309 0.0125497
0.367405 0.0125145
0.371256 0.0123021
0.377006 0.0118057
0.385965 0.0108343
0.399802 0.00916032
0.42007 0.00660245
0.451688 0.00256208
0.463778 0.0010141
0.470332 0.000174925
0.471356 4.38028e-05
0.471676 2.82715e-06
0.471698 0
0.471698 0
0.47172 2.82715e-06
0.47332 0.000207705
0.481319 0.00123209
0.491317 0.00251256
0.497566 0.00331284
0.4995 0.00356053

0.001 0.001995
0.00150001 0.00199499
0.00358464 0.00199466
0.0092636 0.00198264
0.0131566 0.00191243
0.0152505 0.00178662
0.0172166 0.0015773
0.0191553 0.00132652
0.0218765 0.0010161
0.0251836 0.000722245
0.0300455 0.000367695
0.0335372 0.000137601
0.0355853 7.12671e-06
0.0356564 2.63831e-06
0.0356982 4.23516e-22
0.0356982 4.23516e-22
0.0357399 2.63831e-06
0.0360957 2.50806e-05
0.0377012 0.000125853
0.0412269 0.000345326
0.0486097 0.000802646
0.0602071 0.00152194
0.0729701 0.00232217
0.0832144 0.00302883
0.0888604 0.00355919
0.0930332 0.00413924
0.0956336 0.00456916
0.0978102 0.00478648
0.0998798 0.00472228
0.102219 0.00446345
0.10481 0.00415445
0.107969 0.00383509
0.113423 0.00340904
0.120906 0.00293794
0.131424 0.00233097
0.145059 0.00155816
0.165319 0.000411997
0.169825 0.000157101
0.171233 7.74463e-05
0.172113 2.76621e-05
0.172388 1.21045e-05
0.17256 2.38098e-06
0.172602 0
0.172602 0
0.172644 2.38098e-06
0.173504 5.09984e-05
0.177801 0.000294086
0.199287 0.00150952
0.300267 0.00722271
0.322158 0.0084697
0.329796 0.00892927
0.335843 0.00934792
0.340564 0.00977754
0.345049 0.0103504
0.349149 0.0109962
0.354266 0.0119029
0.358306 0.0126368
0.36095 0.0130409
0.363485 0.0132232
0.366408 0.0131867
0.36963 0.0129906
0.374753 0.0125061
0.382363 0.0115907
0.394733 0.00990243
0.412607 0.00732777
0.43971 0.00335647
0.460816 0.000253336
0.46248 8.7157e-06
0.462512 3.93796e-06
0.462539 0
0.462539 0
0.462566 3.93796e-06
0.462728 2.78267e-05
0.46354 0.00014727
0.467601 0.000744487
0.487902 0.00373049
0.496561 0.00500418
0.499267 0.00540221
0.4995 0.00543646

0.001 0.002025
0.00150001 0.00202499
0.00358653 0.00202465
0.0100106 0.00200673
0.0131776 0.00194052
0.015537 0.00178842
0.0178141 0.00152388
0.0198567 0.0012578
0.0225347 0.000965471
0.0265104 0.000627482
0.0318319 0.000250272
0.0354199 1.55232e-05
0.0355734 5.65043e-06
0.0356214 2.56521e-06
0.0356613 0
0.0356613 0
0.0357013 2.56521e-06
0.0359415 1.79915e-05
0.0368294 7.48113e-05
0.0386481 0.000190499
0.0436254 0.000504788
0.0552745 0.00123884
0.0687275 0.002091
0.0792289 0.00278495
0.0860908 0.00333223
0.0914183 0.0039589
0.0945956 0.00448116
0.0971463 0.00483552
0.0994339 0.00483587
0.101855 0.00457343
0.104617 0.00422659
0.10803 0.00386406
0.113761 0.00339671
0.121596 0.00287726
0.1322 0.00222592
0.145872 0.00139828
0.166652 0.00014226
0.168989 9.89633e-07
0.169005 0
0.169005 0
0.169022 9.89633e-07
0.180708 0.000707343
0.239139 0.00423911
0.262568 0.00565519
0.285996 0.00707128
0.300925 0.00797379
0.315693 0.00886893
0.325922 0.00950258
0.33281 0.00996602
0.33753 0.0103452
0.340902 0.010696
0.344141 0.0111404
0.347174 0.0116356
0.351433 0.0124175
0.357111 0.0135515
0.359205 0.0139601
0.360373 0.0141631
0.360941 0.014245
0.361492 0.014305
0.362033 0.014343
0.362704 0.0143636
0.363503 0.0143551
0.364307 0.0143213
0.365192 0.0142651
0.366379 0.0141671
0.368623 0.01393
0.372342 0.0134352
0.379341 0.0123043
0.38973 0.0104012
0.405459 0.0073453
0.42841 0.00279163
0.437527 0.000975115
0.442307 2.20913e-05
0.4424 3.47748e-06
0.442418 0
0.442418 0
0.442435 3.47748e-06
0.442902 9.65468e-05
0.445235 0.000561892
0.456901 0.00288853
0.481052 0.00770611
0.497317 0.0109506
0.4995 0.0113861

0.001 0.002055
0.00150001 0.00205499
0.00358848 0.00205465
0.00998308 0.00203677
0.0131347 0.00197121
0.0155191 0.00181696
0.0177532 0.00155477
0.0201274 0.00124295
0.0236304 0.000876534
0.0286686 0.000474723
0.0323591 0.00021783
0.0339945 0.000108764
0.0348221 5.42721e-05
0.0352378 2.70412e-05
0.0354982 1.00234e-05
0.0356471 3.06524e-07
0.0356518 0
0.0356518 0
0.0356565 3.06524e-07
0.0364032 4.88932e-05
0.0381639 0.000162765
0.0424988 0.000440865
0.0499541 0.000917469
0.0611506 0.00163454
0.0732557 0.0024189
0.0834326 0.0031472
0.0890837 0.00370332
0.0933078 0.00432348
0.095397 0.00468591
0.0975352 0.00493467
0.0995323 0.00489655
0.101686 0.0046526
0.104156 0.00432899
0.108929 0.00381138
0.115495 0.00328465
0.123959 0.00271425
0.134978 0.00200892
0.149948 0.0010588
0.161606 0.000319421
0.165792 5.39204e-05
0.166446 1.24359e-05
0.166548 5.954e-06
0.166612 1.90278e-06
0.166642 -2.11758e-22
0.166642 -2.11758e-22
0.166672 1.90278e-06
0.166991 2.21589e-05
0.168588 0.000123439
0.176572 0.000629841
0.216494 0.00316185
0.244716 0.00495184
0.276563 0.0069717
0.297896 0.00832484
0.309856 0.00908421
0.323319 0.00994836
0.329998 0.0103994
0.334671 0.0107497
0.338118 0.0110545
0.340737 0.011343
0.343278 0.011701
0.345691 0.0121002
0.348831 0.0126781
0.353982 0.0137292
0.357091 0.0144007
0.358534 0.0147116
0.359992 0.0150142
0.360492 0.0151124
0.360984 0.0152028
0.360999 0.0152052

0.001 0.002085
0.00150001 0.00208499
0.00359045 0.00208464
0.00995709 0.0020668
0.0131029 0.00200148
0.0154585 0.00184955
0.0176284 0.00159448
0.0196496 0.00132142
0.0221727 0.00103028
0.0258356 0.000699476
0.0308076 0.000327927
0.0343284 8.75179e-05
0.0349926 4.3223e-05
0.0353631 1.86109e-05
0.0355042 9.26057e-06
0.0355924 3.41668e-06
0.035644 0
0.035644 0
0.0356956 3.41668e-06
0.0361374 3.26368e-05
0.0375888 0.00012814
0.0416478 0.000392957
0.0491896 0.00088267
0.0606388 0.00162724
0.0731193 0.00244807
0.0832031 0.00317785
0.0888882 0.00373807
0.0930602 0.00434995
0.0954436 0.00477124
0.0974387 0.0050104
0.0993422 0.0049837
0.101846 0.00468573
0.104659 0.00430182
0.10817 0.00389808
0.114352 0.00334969
0.122272 0.00276623
0.13239 0.00206463
0.1464 0.00110436
0.156918 0.00038416
0.1606 0.000132111
0.16175 5.33455e-05
0.162469 4.11724e-06
0.162529 0
0.162529 0
0.16259 4.11724e-06
0.166185 0.000250259
0.184161 0.00148097
0.249255 0.00593761
0.27417 0.00764343
0.299643 0.00938759
0.30948 0.0100618
0.323114 0.0110052
0.328987 0.0114281
0.332969 0.0117352
0.336796 0.0120669
0.338777 0.0122666
0.34011 0.0124207
0.340806 0.0125112
0.341497 0.0126116
0.342176 0.0127195
0.34325 0.0129018
0.344559 0.0131385
0.346963 0.0136065
0.350737 0.0144114
0.35668 0.0158133
0.358856 0.0163607
0.360206 0.0167164
0.360998 0.0169397
0.360999 0.0169401

0.001 0.002115
0.00150001 0.00211499
0.00359243 0.00211464
0.00993251 0.00209682
0.0131008 0.0020306
0.0154422 0.00187806
0.0175548 0.00162759
0.0194295 0.00136909
0.022539 0.0010066
0.0267064 0.000637503
0.032414 0.000217543
0.0341883 9.56279e-05
0.0351689 2.91616e-05
0.0354084 1.30082e-05
0.035522 5.35757e-06
0.035593 5.7598e-07
0.0356015 0
0.0356015 0
0.0356101 5.7598e-07
0.0359656 2.44842e-05
0.0377543 0.000144074
0.0413878 0.000384926
0.0524239 0.00111315
0.0649706 0.00194351
0.0757855 0.00267407
0.0842066 0.00331801
0.0896671 0.00389974
0.0936624 0.0045309
0.0959351 0.00493216
0.0979624 0.00511357
0.0999216 0.00500549
0.102222 0.00469425
0.10478 0.00433446
0.10802 0.00394741
0.113479 0.00343156
0.121036 0.00283717
0.130926 0.00211144
0.144205 0.00115075
0.154069 0.000438136
0.157411 0.000196725
0.159499 4.58435e-05
0.159826 2.22683e-05
0.16003 7.53382e-06
0.160093 2.92929e-06
0.160134 0
0.160134 0
0.160174 2.92929e-06
0.160493 2.5952e-05
0.162087 0.000141065
0.170054 0.000716632
0.209893 0.00359447
0.261963 0.00735591
0.283762 0.00893064
0.298576 0.0100009
0.312223 0.010988
0.323552 0.0118164
0.328175 0.0121654
0.335101 0.012734
0.337642 0.0129761
0.337875 0.0129999

0.001 0.002145
0.00150001 0.00214499
0.00359442 0.00214463
0.00990925 0.00212683
0.0131068 0.0020594
0.0154477 0.00190455
0.0175728 0.00164827
0.0197399 0.0013468
0.0224837 0.00102619
0.0260579 0.000699225
0.0312307 0.000304345
0.0348394 5.18278e-05
0.035448 1.01451e-05
0.0355415 3.75551e-06
0.0355965 0
0.0355965 0
0.0356515 3.75551e-06
0.03612 3.57043e-05
0.0375003 0.000129364
0.0404812 0.000330125
0.0463959 0.000726302
0.0557514 0.00135298
0.0693114 0.00226638
0.0796713 0.00299751
0.086405 0.00357737
0.0912796 0.00419089
0.0946781 0.00479038
0.0964802 0.00508704
0.0980793 0.00519232
0.0998643 0.00507816
0.101786 0.00480897
0.104158 0.00445236
0.107646 0.00400093
0.113414 0.00341812
0.120956 0.00278459
0.131067 0.00198987
0.144491 0.000948594
0.154416 0.000179652
0.156073 5.12789e-05
0.156591 1.11624e-05
0.156671 4.89414e-06
0.156735 0
0.156735 0
0.156798 4.89414e-06
0.157202 3.62352e-05
0.159225 0.000192941
0.169339 0.000976469
0.211912 0.00427459
0.257295 0.00779042
0.279987 0.00954833
0.296314 0.0108132
0.317389 0.0124495
0.323897 0.0129616
0.324377 0.0129999

0.001 0.002175
0.00150001 0.00217499
0.00359643 0.00217463
0.00988723 0.00215683
0.0131177 0.00208799
0.0154616 0.0019302
0.0176009 0.00166745
0.0197071 0.00136968
0.0223597 0.00105283
0.0256572 0.000741904
0.0306918 0.000346402
0.0342422 9.22975e-05
0.0352693 2.06548e-05
0.0355492 1.22693e-06
0.0355668 0
0.0355668 0
0.0355845 1.22693e-06
0.0369914 9.83813e-05
0.0399616 0.00030171
0.0455215 0.000679853
0.0560411 0.00139509
0.0697893 0.00233553
0.079984 0.00306872
0.0866091 0.00365435
0.0913869 0.00427271
0.0946765 0.00486553
0.0964437 0.0051636
0.0980095 0.00527285
0.0999634 0.00513799
0.102201 0.0048037
0.104775 0.00441075
0.108184 0.00396999
0.114382 0.00333799
0.122292 0.00265423
0.132492 0.00181711
0.146442 0.000682927
0.151703 0.000255542
0.153348 0.000121986
0.154375 3.85138e-05
0.154696 1.24287e-05
0.154797 4.27706e-06
0.154849 0
0.154849 0
0.154902 4.27706e-06
0.155404 4.50351e-05
0.157913 0.000248825
0.170457 0.00126778
0.214183 0.00481968
0.268441 0.00922699
0.299372 0.0117397
0.31072 0.0126623
0.314861 0.0129999

0.001 0.002205
0.00150001 0.00220499
0.00359845 0.00220463
0.00986636 0.00218683
0.0131334 0.00211638
0.0154831 0.00195504
0.017571 0.00169475
0.0198577 0.00136766
0.0227808 0.00102209
0.0267675 0.000656533
0.0326804 0.000203247
0.0346385 6.31011e-05
0.0352895 1.70715e-05
0.0354783 3.76048e-06
0.0355317 0
0.0355317 0
0.035585 3.76048e-06
0.0365325 7.03211e-05
0.0393054 0.000263518
0.0444054 0.000616175
0.0529967 0.00120945
0.0654139 0.00206974
0.0761097 0.00282725
0.0844949 0.00350423
0.0898086 0.00410627
0.0935183 0.00472417
0.0956697 0.00513535
0.0974781 0.00534974
0.0991753 0.00530376
0.101643 0.00494948
0.10444 0.0044919
0.108099 0.00398521
0.113347 0.00340363
0.120841 0.00269537
0.131419 0.0017546
0.145172 0.00054538
0.150247 9.96067e-05
0.15104 2.99552e-05
0.151287 8.18913e-06
0.151365 1.38723e-06
0.151381 0
0.151381 0
0.151396 1.38723e-06
0.151784 3.53967e-05
0.153719 0.000205444
0.163399 0.00105569
0.198776 0.00416325
0.283377 0.0115948
0.299369 0.0129999

0.001 0.002235
0.00150001 0.00223499
0.00360049 0.00223462
0.00984658 0.00221682
0.0131536 0.00214455
0.0155115 0.00197911
0.0176235 0.00171013
0.0197438 0.00140138
0.0224168 0.00107393
0.0257374 0.000752888
0.0307338 0.000349404
0.0343355 8.40787e-05
0.0354264 5.75094e-06
0.0354935 9.52176e-07
0.0355069 0
0.0355069 0
0.0355202 9.52176e-07
0.0358563 2.49463e-05
0.0368876 9.82843e-05
0.0388949 0.000240108
0.0442691 0.000617096
0.0561074 0.00144641
0.0699536 0.00242254
0.0802062 0.00318409
0.0865466 0.00376287
0.0914586 0.00441926
0.0944814 0.00498403
0.0962642 0.00530831
0.0978229 0.00543819
0.0993721 0.00535343
0.101342 0.00505556
0.103915 0.00461453
0.107339 0.00410446
0.112624 0.00347559
0.119739 0.00276207
0.129381 0.00185812
0.142359 0.000658664
0.147015 0.000228929
0.149389 9.83043e-06
0.149482 1.27188e-06
0.149496 0
0.149496 0
0.14951 1.27188e-06
0.149973 4.40646e-05
0.152292 0.000258028
0.163884 0.00132786
0.199856 0.00464754
0.28664 0.0126565
0.290361 0.0129999

0.001 0.002265
0.00150001 0.00226499
0.00360254 0.00226462
0.00982782 0.00224681
0.0131692 0.00217293
0.0155229 0.00200486
0.0176138 0.00173452
0.0197937 0.00141257
0.0225563 0.00107194
0.0269604 0.000654891
0.0328884 0.000188931
0.0347112 5.47197e-05
0.0351882 1.99592e-05
0.0353918 5.16301e-06
0.0354385 1.77421e-06
0.0354629 0
0.0354629 0
0.0354874 1.77421e-06
0.0357209 1.87183e-05
0.0368936 0.000103455
0.0392402 0.000271763
0.0433918 0.000567602
0.0510663 0.00111345
0.0626161 0.00193686
0.0740249 0.00276164
0.0836149 0.00353169
0.0892366 0.00415443
0.0932285 0.00481661
0.0952595 0.00522538
0.0967388 0.00546307
0.098103 0.0055276
0.0997933 0.00537398
0.101627 0.00505828
0.104676 0.00451351
0.108548 0.00393462
0.114511 0.0032169
0.122344 0.00239241
0.133615 0.00125491
0.140819 0.000532556
0.145148 9.87308e-05
0.145787 3.47158e-05
0.145987 1.47111e-05
0.146111 2.20816e-06
0.146134 0
0.146134 0
0.146156 2.20816e-06
0.146779 6.47228e-05
0.149899 0.000377297
0.165497 0.0019402
0.202706 0.00566865
0.275872 0.0129999

0.001 0.002295
0.00150001 0.00229499
0.0036046 0.00229461
0.00981004 0.00227683
0.0131633 0.00220238
0.0154891 0.0020355
0.0176405 0.0017537
0.0197131 0.00144236
0.0223172 0.00111189
0.0256588 0.000777185
0.0307047 0.000356597
0.0342828 8.47917e-05
0.0353027 9.27073e-06
0.0353826 3.37148e-06
0.0354284 0
0.0354284 0
0.0354741 3.37148e-06
0.0358747 3.28682e-05
0.0370491 0.000118949
0.0396321 0.000306898
0.0445145 0.000659936
0.053718 0.00132479
0.0663209 0.00223862
0.0768162 0.00301941
0.0845827 0.00368155
0.0898583 0.00431007
0.0939969 0.00505178
0.0958662 0.0054274
0.0974561 0.00561062
0.0992336 0.00552616
0.10119 0.00519543
0.103451 0.00475905
0.106206 0.00427985
0.110436 0.00366806
0.116444 0.00293819
0.125416 0.00194459
0.137026 0.000690263
0.141027 0.00025926
0.142747 7.39797e-05
0.143239 2.09592e-05
0.143393 4.39028e-06
0.143433 0
0.143433 0
0.143474 4.39028e-06
0.144243 8.72349e-05
0.148089 0.000501461
0.167319 0.00257268
0.205642 0.00670036
0.26413 0.013

0.001 0.002325
0.00150001 0.00232499
0.00360668 0.00232461
0.00979318 0.00230685
0.0131666 0.00223148
0.0154697 0.00206484
0.0175769 0.00178667
0.0193142 0.00151945
0.0214753 0.00122493
0.0243937 0.000905816
0.0285407 0.000533727
0.0322361 0.000238371
0.0341371 9.3094e-05
0.0349689 3.03901e-05
0.0352767 7.2978e-06
0.0353351 2.91786e-06
0.0353741 0
0.0353741 0
0.035413 2.91786e-06
0.0357056 2.48178e-05
0.0371763 0.000134351
0.0405779 0.000385467
0.0488466 0.000992325
0.0602911 0.00183341
0.0731157 0.00278648
0.0830463 0.00359668
0.0886469 0.00421156
0.0928127 0.00489545
0.0950724 0.00536851
0.0962521 0.00558901
0.0973173 0.00570181
0.0984972 0.00568773
0.0996485 0.00554607
0.100872 0.00531876
0.102827 0.00491819
0.10588 0.0043441
0.110624 0.00361408
0.117046 0.00278793
0.126143 0.00171063
0.137829 0.000354103
0.139873 0.000117304
0.140512 4.33047e-05
0.140884 1.85775e-07
0.140886 2.64698e-23
0.140886 2.64698e-23
0.140887 1.85775e-07
0.142749 0.000215781
0.151217 0.00119657
0.17592 0.0040578
0.223448 0.00956259
0.253125 0.013

0.001 0.002355
0.00150001 0.00235499
0.00360877 0.00235461
0.00977719 0.00233685
0.0131729 0.00226047
0.0154552 0.00209378
0.0175235 0.00181843
0.0202433 0.00140345
0.0238332 0.000973886
0.0284547 0.000546898
0.0319772 0.000260435
0.0337071 0.000125817
0.0346288 5.51185e-05
0.03508 2.07079e-05
0.0352407 8.48243e-06
0.0353412 8.4161e-07
0.0353523 0
0.0353523 0
0.0353634 8.4161e-07
0.035867 3.90466e-05
0.0376086 0.000170363
0.0427352 0.000553152
0.0519291 0.00123719
0.0642965 0.00216
0.0751361 0.00298346
0.0840413 0.00374388
0.0895254 0.00439546
0.0932177 0.0050475
0.0952099 0.00547533
0.0966601 0.00572749
0.0980958 0.00578794
0.0992155 0.00568109
0.100393 0.00547175
0.101785 0.00517785
0.103612 0.00479314
0.106935 0.00417417
0.112527 0.00332744
0.11954 0.00241323
0.131034 0.000994803
0.137789 0.000168614
0.138757 5.03524e-05
0.139027 1.7341e-05
0.139111 7.02496e-06
0.139164 5.7742e-07
0.139169 0
0.139169 0
0.139173 5.7742e-07
0.139437 3.28151e-05
0.140756 0.000194004
0.146138 0.000851718
0.166127 0.00329427
0.202843 0.00778088
0.245552 0.013

0.001 0.002385
0.00150001 0.00238499
0.00361088 0.0023846
0.00976203 0.00236686
0.0131732 0.00228969
0.0154374 0.00212309
0.0175057 0.00184482
0.019379 0.00154846
0.0219402 0.00119764
0.0252891 0.000838312
0.0302245 0.000402571
0.033915 0.000107597
0.0348816 3.24734e-05
0.0351122 1.4637e-05
0.0352566 3.48955e-06
0.0353018 -4.23516e-22
0.0353018 -4.23516e-22
0.035347 3.48955e-06
0.0359761 5.19489e-05
0.0374235 0.000162818
0.0403454 0.000384948
0.0466798 0.000863888
0.0574004 0.00167486
0.0719218 0.00278276
0.0817126 0.00358615
0.0875142 0.00419437
0.0920925 0.00490681
0.0945587 0.00542979
0.0955593 0.00564718
0.0964773 0.0058081
0.0973381 0.00588747
0.0981677 0.00588115
0.0992442 0.00575844
0.100431 0.00552607
0.10174 0.00522899
0.103372 0.00485981
0.106404 0.00424429
0.111382 0.00340771
0.117843 0.0024745
0.128741 0.000999302
0.135132 0.000144578
0.13598 3.11947e-05
0.136113 1.34785e-05
0.136196 2.4059e-06
0.136214 0
0.136214 0
0.136232 2.4059e-06
0.136646 5.7769e-05
0.138718 0.000334587
0.149081 0.00171882
0.171654 0.00473393
0.214137 0.0104086
0.233536 0.013

0.001 0.002415
0.00150001 0.00241499
0.003613 0.0024146
0.00974766 0.00239685
0.01317 0.00231908
0.0154106 0.00215342
0.0174376 0.00187929
0.0195864 0.00153589
0.0228177 0.00110818
0.0276428 0.000628518
0.0340319 9.78956e-05
0.0350014 2.15793e-05
0.0351459 1.02514e-05
0.0352363 3.17151e-06
0.0352769 0
0.0352769 0
0.0353174 3.17151e-06
0.0357703 3.85716e-05
0.0371285 0.000144175
0.0413431 0.000468838
0.0510941 0.00121614
0.0630697 0.00213614
0.0743479 0.00301568
0.0836615 0.00382402
0.089175 0.00448134
0.0929229 0.00514617
0.0953373 0.00568549
0.0961542 0.00584664
0.0969065 0.00594651
0.0976926 0.00597993
0.0986747 0.00591352
0.0995895 0.0057617
0.100557 0.00554844
0.101937 0.00521539
0.103785 0.00478018
0.106634 0.00418131
0.110745 0.00344595
0.116979 0.00247495
0.126174 0.00113686
0.132032 0.000296678
0.133751 5.06005e-05
0.133936 2.40253e-05
0.134052 7.41571e-06
0.134089 2.22522e-06
0.134104 0
0.134104 0
0.13412 2.22522e-06
0.134301 2.81776e-05
0.135208 0.00015794
0.138739 0.000663303
0.150949 0.00241052
0.174974 0.00584854
0.221404 0.0124927
0.224948 0.0129999

0.001 0.002445
0.00150001 0.00244499
0.00361513 0.0024446
0.00973404 0.00242684
0.0131685 0.00234839
0.015363 0.00218601
0.0173561 0.00191613
0.0193806 0.00158691
0.0220316 0.00121502
0.0254735 0.000838703
0.0305776 0.000379051
0.0340653 9.33939e-05
0.0346676 4.52301e-05
0.0350566 1.42512e-05
0.035208 2.21872e-06
0.0352359 0
0.0352359 0
0.0352639 2.21872e-06
0.0360232 6.23841e-05
0.0376647 0.000191627
0.041633 0.000501448
0.049751 0.00113259
0.0611766 0.00202257
0.0733571 0.00298274
0.0831032 0.00382719
0.0887022 0.00448067
0.0935203 0.00535658
0.095039 0.00570837
0.0959339 0.00590058
0.0967447 0.00602467
0.0976014 0.0060706
0.0984377 0.00602207
0.0992802 0.00589062
0.100164 0.00569507
0.101104 0.00545958
0.102168 0.00518618
0.103493 0.00485597
0.105332 0.00443051
0.110581 0.00340063
0.117036 0.0023244
0.126845 0.000793154
0.129896 0.000322479
0.131023 0.000148867
0.131951 5.94815e-06
0.131976 2.10903e-06
0.131989 0
0.131989 0
0.132003 2.10903e-06
0.132128 2.13047e-05
0.132751 0.000117283
0.135546 0.000547657
0.145771 0.0021215
0.166417 0.00529937
0.203181 0.0109582
0.216445 0.0129999

0.001 0.002475
0.00150001 0.00247499
0.00361729 0.00247459
0.00972115 0.00245682
0.0131677 0.00237768
0.0153191 0.00221827
0.0173515 0.00194093
0.0194107 0.00160149
0.0222621 0.00120068
0.0258165 0.000813839
0.0311393 0.000334086
0.0346384 4.56045e-05
0.0349848 1.76146e-05
0.0351236 6.42709e-06
0.0351669 2.93102e-06
0.0352033 0
0.0352033 0
0.0352397 2.93102e-06
0.0354568 2.04115e-05
0.0365126 0.000105092
0.0387907 0.000286426
0.0437997 0.000682166
0.0546529 0.00153833
0.0680645 0.00260147
0.0782444 0.00343716
0.085262 0.00411212
0.0903195 0.00480051
0.0937688 0.00549564
0.0953725 0.00587534
0.0960204 0.0060115
0.0966218 0.00610579
0.0973024 0.00615818
0.0979722 0.00614666
0.0989115 0.0060297
0.0997466 0.00585046
0.100802 0.00557602
0.102092 0.00522336
0.103911 0.00474605
0.107347 0.00395097
0.111948 0.00304593
0.11902 0.00180528
0.124547 0.000874386
0.127613 0.000361875
0.129484 4.97215e-05
0.129665 1.96435e-05
0.129778 8.44732e-07
0.129783 0
0.129783 0
0.129788 8.44732e-07
0.130351 9.48386e-05
0.132641 0.000476499
0.139654 0.00164477
0.155814 0.00433665
0.183195 0.00889809
0.207817 0.0129999

0.001 0.002505
0.00150001 0.00250499
0.0036195 0.00250459
0.00970867 0.0024868
0.0131829 0.00240621
0.0153625 0.00224126
0.0173989 0.00195736
0.0200694 0.00151756
0.0236165 0.00105519
0.0284934 0.000570081
0.0319977 0.000264818
0.0337572 0.000118082
0.0346425 4.52905e-05
0.0350895 8.73933e-06
0.0351708 2.10489e-06
0.0351966 0
0.0351966 0
0.0352224 2.10489e-06
0.0356296 3.52777e-05
0.0371458 0.000158118
0.0410602 0.000472303
0.0489063 0.00109872
0.0611323 0.00207652
0.0734625 0.00307476
0.0831517 0.0039379
0.0886059 0.00458969
0.0926916 0.0053196
0.0945229 0.00574762
0.0954607 0.00597257
0.0961061 0.00610704
0.0967053 0.00619565
0.0972761 0.00623547
0.0979304 0.00622252
0.098952 0.00608364
0.100027 0.00582653
0.10119 0.00549954
0.102553 0.00511145
0.10448 0.00459464
0.108691 0.00361787
0.115846 0.00222532
0.124633 0.00064831
0.127553 0.000131467
0.128155 2.51367e-05
0.128229 1.20652e-05
0.128275 3.8955e-06
0.128297 0
0.128297 0
0.128319 3.8955e-06
0.12855 4.47439e-05
0.129706 0.000248989
0.133029 0.000835885
0.146944 0.00329191
0.167991 0.00700728
0.201937 0.0129998

0.001 0.002535
0.00150001 0.00253499
0.00362193 0.00253458
0.00969588 0.00251679
0.0132155 0.00243389
0.0152925 0.00227643
0.017156 0.00202119
0.0196791 0.001597
0.0230426 0.00113379
0.0278744 0.000633078
0.0344567 5.95583e-05
0.0349817 1.60176e-05
0.0351386 3.03831e-06
0.0351753 0
0.0351753 0
0.0352121 3.03831e-06
0.0359992 6.79385e-05
0.0378749 0.000221522
0.045642 0.000851067
0.0564894 0.00172918
0.0705283 0.00287354
0.0804722 0.00373065
0.0867306 0.00439691
0.0917506 0.00519428
0.0946798 0.00586895
0.0955725 0.00608609
0.0961975 0.00621432
0.0967792 0.00629464
0.097342 0.0063255
0.0979714 0.00630198
0.0988238 0.00617785
0.0997115 0.00596278
0.10066 0.00568689
0.101677 0.00537815
0.102891 0.00501619
0.104729 0.00450292
0.107307 0.00385551
0.110903 0.00305375
0.117303 0.00176735
0.122517 0.000766296
0.125214 0.000253321
0.126173 7.14186e-05
0.126498 9.6888e-06
0.126544 9.86934e-07
0.126549 0
0.126549 0
0.126554 9.86934e-07
0.126784 4.44963e-05
0.127842 0.000245074
0.131305 0.000901173
0.145627 0.00361218
0.165806 0.00743266
0.19521 0.0129999

0.001 0.002565
0.00150001 0.00256499
0.00362438 0.00256458
0.00968385 0.00254677
0.0132571 0.00246107
0.0151552 0.00231871
0.0169899 0.00207256
0.0190227 0.00172469
0.0216455 0.00132352
0.0248488 0.000941559
0.029463 0.00049107
0.032866 0.000191819
0.0347862 2.89898e-05
0.0350363 7.98889e-06
0.0351146 1.42621e-06
0.0351316 0
0.0351316 0
0.0351486 1.42621e-06
0.0355404 3.42401e-05
0.0367213 0.00013266
0.0389353 0.000315833
0.0436131 0.000700218
0.0528812 0.00146058
0.065433 0.00249389
0.0759645 0.00337973
0.0843528 0.00418003
0.0895104 0.00486188
0.0931471 0.00557773
0.0948677 0.00600649
0.0956606 0.00620163
0.0961467 0.00630318
0.0966213 0.00637545
0.0971593 0.00641593
0.0977362 0.00640681
0.0983708 0.00633534
0.0991998 0.00615753
0.100136 0.00588529
0.101143 0.0055626
0.102275 0.00519885
0.103709 0.00475794
0.105742 0.00418166
0.109919 0.0031431
0.115859 0.00184024
0.124727 6.24458e-06
0.12475 1.5233e-06
0.124757 2.11758e-22
0.124757 2.11758e-22
0.124765 1.5233e-06
0.12488 2.51297e-05
0.125457 0.000143163
0.127293 0.000518709
0.132653 0.00161353
0.147659 0.00467786
0.169007 0.00903815
0.188403 0.0129998

0.001 0.002595
0.00150001 0.00259499
0.00362686 0.00259458
0.00967257 0.00257674
0.0133118 0.00248751
0.0151998 0.00234188
0.0171352 0.00207374
0.018922 0.00176273
0.0215149 0.00135703
0.0246927 0.000969372
0.0294043 0.0005017
0.0329188 0.000188758
0.0347717 2.97218e-05
0.0350071 9.71073e-06
0.0350807 3.45737e-06
0.0351214 0
0.0351214 0
0.0351621 3.45737e-06
0.0355308 3.47247e-05
0.0366801 0.000131747
0.03896 0.000322787
0.0434102 0.000693154
0.0514045 0.00135729
0.0633769 0.0023546
0.0744369 0.00329021
0.0837361 0.00416645
0.089084 0.00485606
0.0931009 0.00564081
0.0945071 0.00599538
0.0952003 0.00617647
0.0959456 0.00635433
0.0967109 0.00647569
0.0975627 0.00649737
0.0983948 0.00639905
0.099148 0.00622113
0.100064 0.00593495
0.101052 0.00559618
0.102381 0.00513993
0.1048 0.00436765
0.107643 0.00356259
0.112175 0.00242694
0.118982 0.000864017
0.121791 0.000235734
0.12232 0.000117785
0.122714 3.00155e-05
0.122837 2.5877e-06
0.122849 0
0.122849 0
0.122861 2.5877e-06
0.123477 0.000139728
0.12526 0.00053599
0.129852 0.00155506
0.140239 0.00385816
0.157476 0.00768149
0.181451 0.0129998

0.001 0.002625
0.00150001 0.00262499
0.00362935 0.00262457
0.009662 0.00260671
0.013368 0.00251378
0.0152492 0.0023644
0.0172203 0.00208419
0.0190315 0.00176429
0.0215838 0.00136309
0.0246917 0.00098043
0.0295013 0.000497876
0.0331414 0.000170607
0.0349717 1.18875e-05
0.0350893 1.77027e-06
0.0351099 0
0.0351099 0
0.0351305 1.77027e-06
0.0357202 5.23582e-05
0.0373385 0.000190327
0.0412317 0.000519274
0.0527544 0.00148835
0.0653842 0.00255411
0.0759213 0.00346241
0.0842736 0.00427745
0.0895023 0.00498369
0.0931839 0.00573047
0.0947177 0.00612736
0.0954847 0.00632926
0.0961681 0.0064822
0.0969954 0.00657781
0.0977801 0.00655451
0.0985573 0.0064256
0.0991868 0.00625573
0.0998476 0.0060379
0.100547 0.00578776
0.101285 0.00551757
0.102191 0.00518964
0.10337 0.00477865
0.105382 0.00412646
0.109081 0.00306229
0.11552 0.00142732
0.119759 0.000406757
0.120725 0.000176361
0.121308 3.74933e-05
0.121411 1.29129e-05
0.121443 5.23152e-06
0.121464 4.30657e-07
0.121465 -5.29396e-23
0.121465 -5.29396e-23
0.121467 4.30657e-07
0.121568 2.4435e-05
0.122073 0.000144458
0.12407 0.0006186
0.132293 0.00256605
0.145643 0.00572685
0.165774 0.0104948
0.17635 0.0129998

0.001 0.002655
0.00150001 0.00265499
0.00363187 0.00265457
0.0096521 0.00263667
0.0134164 0.00254035
0.0152869 0.00238803
0.0171652 0.00211812
0.0196494 0.00167739
0.0229595 0.00119522
0.0275103 0.000693997
0.0337856 0.000113153
0.0348015 2.4128e-05
0.034961 1.02206e-05
0.0350607 1.52862e-06
0.0350783 -2.11758e-22
0.0350783 -2.11758e-22
0.0350958 1.52862e-06
0.0355957 4.49898e-05
0.0369759 0.000164327
0.0398417 0.000410098
0.0453887 0.000882908
0.0569475 0.00186822
0.0711421 0.00308754
0.0807289 0.00396175
0.0867477 0.00463956
0.0909965 0.00532381
0.0935536 0.0059033
0.094978 0.00628716
0.0956582 0.00646728
0.0960754 0.00656192
0.0964679 0.00662773
0.0968775 0.00666626
0.0973062 0.00667159
0.0977828 0.00663607
0.0985732 0.00648675
0.0991278 0.00632404
0.0998245 0.00607737
0.100566 0.00579293
0.101352 0.00548584
0.102254 0.00513886
0.103626 0.00463392
0.106044 0.00381638
0.109806 0.00268715
0.115714 0.00108837
0.117883 0.000523773
0.119495 0.000107168
0.119728 4.71424e-05
0.119874 9.62705e-06
0.119897 3.76528e-06
0.119911 -4.23516e-22
0.119911 -4.23516e-22
0.119926 3.76528e-06
0.12004 3.30741e-05
0.120609 0.000179621
0.122815 0.000745937
0.128041 0.00208339
0.13895 0.00487379
0.155395 0.00908205
0.170702 0.0129999

0.001 0.002685
0.00150001 0.00268499
0.0036344 0.00268457
0.00964287 0.00266663
0.0134638 0.00256688
0.0153256 0.00241138
0.0171398 0.00214702
0.0196705 0.00169252
0.0230603 0.00119508
0.0276401 0.000687119
0.0338256 0.000108199
0.0348735 1.52121e-05
0.0350018 3.88249e-06
0.0350458 0
0.0350458 0
0.0350897 3.88249e-06
0.0357329 6.0533e-05
0.0373897 0.00020553
0.043338 0.00072073
0.0533487 0.00158519
0.0662942 0.00270742
0.0765843 0.00362174
0.0846118 0.00443699
0.0896402 0.00514661
0.0929786 0.00584228
0.0946775 0.00629772
0.0952618 0.00646231
0.0957055 0.0065807
0.0960747 0.00666578
0.0964232 0.00672573
0.0967583 0.00676051
0.0971957 0.00677026
0.097674 0.00673561
0.0981798 0.00664991
0.0987496 0.00649803
0.099479 0.00623771
0.100259 0.00591974
0.10118 0.00553164
0.102215 0.00510183
0.103449 0.00461076
0.105333 0.00391199
0.108016 0.0030058
0.113097 0.00145968
0.116718 0.000420162
0.117688 0.000145304
0.117949 7.17454e-05
0.118197 1.7726e-06
0.118203 2.11758e-22
0.118203 2.11758e-22
0.118209 1.7726e-06
0.119452 0.000351659
0.122331 0.00115949
0.128541 0.00289584
0.139447 0.00594491
0.156005 0.0105769
0.164665 0.0129999

0.001 0.002715
0.00150001 0.00271499
0.00363696 0.00271456
0.00963426 0.00269658
0.0135173 0.00259297
0.0153683 0.002434
0.0173775 0.00212922
0.0194016 0.00175767
0.0221978 0.00132023
0.025581 0.000908635
0.0306361 0.000398172
0.0341995 7.01656e-05
0.0346887 2.61639e-05
0.0348878 8.29922e-06
0.0349342 4.14166e-06
0.0349804 0
0.0349804 0
0.0350267 4.14166e-06
0.0352589 2.49296e-05
0.0361493 0.000104361
0.0379598 0.000264766
0.0419136 0.000612333
0.052289 0.00152144
0.0648558 0.00262613
0.0754971 0.00357994
0.0841015 0.00444825
0.0891247 0.00513989
0.0926898 0.00586443
0.0948498 0.00645351
0.0953846 0.00660835
0.0957287 0.00670221
0.0960186 0.00677204
0.0962938 0.00682449
0.0965593 0.00685927
0.0969881 0.00688078
0.097452 0.00685691
0.0979383 0.00678207
0.0986001 0.00660402
0.0991493 0.00639999
0.0997462 0.00614327
0.100418 0.00583691
0.101405 0.00538181
0.102499 0.0048904
0.103834 0.00432041
0.106224 0.00338008
0.109252 0.00229987
0.114639 0.000538564
0.11563 0.000225309
0.11613 6.78403e-05
0.116313 1.05414e-05
0.116334 3.89484e-06
0.116346 0
0.116346 0
0.116359 3.89484e-06
0.116465 3.71278e-05
0.116995 0.000203298
0.118369 0.000632655
0.122077 0.00178545
0.131067 0.00457098
0.143853 0.00853567
0.158241 0.0129999

0.001 0.002745
0.00150001 0.00274499
0.00363954 0.00274456
0.00962626 0.00272653
0.0134531 0.00262569
0.0152951 0.00246999
0.0175579 0.00211999
0.0196002 0.00174155
0.0221898 0.00133553
0.0254838 0.000928994
0.0304058 0.00042392
0.0337779 0.000108608
0.0344483 4.74427e-05
0.0348816 8.08629e-06
0.0349603 9.61102e-07
0.0349709 0
0.0349709 0
0.0349815 9.61102e-07
0.0353752 3.65876e-05
0.0365154 0.000139261
0.0389204 0.000354148
0.0434781 0.000758516
0.0527379 0.00157881
0.0652349 0.00268967
0.0756832 0.00363749
0.0841242 0.00450035
0.0891531 0.00520122
0.0924932 0.00588074
0.094322 0.00637191
0.0951725 0.00662428
0.0957479 0.00678801
0.0959835 0.00684628
0.096303 0.0069074
0.0966093 0.00694248
0.0969428 0.00695393
0.0973684 0.00692962
0.0978994 0.0068418
0.0984861 0.00667561
0.098989 0.00648277
0.0995232 0.00624315
0.100087 0.00597208
0.10083 0.00560657
0.101645 0.00520895
0.102635 0.0047398
0.103901 0.00416812
0.105915 0.00332154
0.109046 0.00212182
0.112148 0.00101762
0.114624 0.000167687
0.114896 7.54318e-05
0.115014 3.53078e-05
0.115088 1.02305e-05
0.115111 2.39382e-06
0.115118 0
0.115118 0
0.115126 2.39382e-06
0.115241 4.15772e-05
0.115821 0.000237503
0.117218 0.000707557
0.122102 0.0023392
0.133647 0.00618457
0.147684 0.0108655
0.154081 0.0129999

0.001 0.002775
0.00150001 0.00277499
0.00364214 0.00277455
0.00961885 0.0027565
0.0134731 0.00265375
0.0153069 0.00249636
0.0171148 0.00222447
0.0196974 0.0017425
0.0231815 0.00121492
0.027949 0.000671128
0.034398 4.87068e-05
0.0346662 2.40072e-05
0.0348341 8.5705e-06
0.0349129 1.33405e-06
0.0349274 0
0.0349274 0
0.034942 1.33405e-06
0.0353366 3.75169e-05
0.0366696 0.000159083
0.0403467 0.000491211
0.0483282 0.0012076
0.059244 0.00218865
0.0729675 0.00343506
0.0820668 0.00432998
0.0877455 0.00504649
0.0919196 0.0058261
0.0941087 0.00640177
0.0950227 0.006679
0.0955058 0.00682578
0.0958465 0.0069212
0.0960406 0.00696757
0.0962416 0.00700538
0.0964575 0.00703321
0.0967621 0.00704996
0.097073 0.00704062
0.0975738 0.00697334
0.0980699 0.00684758
0.0985943 0.00665569
0.0990814 0.00643213
0.0995918 0.00616874
0.100175 0.00585231
0.100812 0.00550293
0.101578 0.00508671
0.102486 0.00460748
0.103956 0.00386976
0.106437 0.00272463
0.111396 0.000680964
0.113036 4.3377e-05
0.113097 1.96867e-05
0.113136 4.88031e-06
0.113148 -8.47033e-22
0.113148 -8.47033e-22
0.113161 4.88031e-06
0.113353 7.89127e-05
0.114091 0.000361774
0.11571 0.000978382
0.119073 0.00224814
0.126379 0.00499304
0.137446 0.00915557
0.147654 0.0129999

0.001 0.002805
0.00150001 0.00280499
0.00364477 0.00280455
0.009612 0.00278648
0.013489 0.00268216
0.0153146 0.00252335
0.0170527 0.00226031
0.0189564 0.0018978
0.0214869 0.0014648
0.0246698 0.00103998
0.0295169 0.000514804
0.0332016 0.000157065
0.0341165 7.10029e-05
0.0345637 2.92015e-05
0.0347207 1.45541e-05
0.034819 5.3996e-06
0.0348761 8.69959e-08
0.034877 0
0.034877 0
0.034878 8.69959e-08
0.0351637 2.66502e-05
0.0366003 0.000159506
0.0412155 0.000581565
0.0496652 0.00135
0.0612638 0.00240695
0.0735024 0.00353597
0.0824613 0.00443629
0.0880201 0.00516103
0.0918072 0.00588272
0.0935273 0.0063256
0.094737 0.00669012
0.0953846 0.0068955
0.0957631 0.00700957
0.095975 0.00706523
0.0963828 0.00713616
0.096755 0.00715138
0.0971149 0.00712075
0.097486 0.00704627
0.0980836 0.00684211
0.0986864 0.00654149
0.0993388 0.00613994
0.0999536 0.0057306
0.100624 0.00527741
0.101643 0.0045989
0.10285 0.00382871
0.104587 0.00279263
0.107254 0.00133876
0.10958 0.000162689
0.109864 2.33487e-05
0.10989 1.03489e-05
0.109907 2.22402e-06
0.109911 0
0.109911 0
0.109916 2.22402e-06
0.109999 4.28485e-05
0.110415 0.000245982
0.111487 0.000763567
0.1136 0.00176725
0.117582 0.00363086
0.125115 0.00713965
0.135866 0.0121661
0.137647 0.0129999

0.001 0.002835
0.00150001 0.00283499
0.00364741 0.00283455
0.00960571 0.00281646
0.0135215 0.00270966
0.0153316 0.0025493
0.0170508 0.00228553
0.018986 0.00191219
0.0214705 0.00148195
0.0246739 0.00104886
0.0294986 0.000519489
0.0331624 0.00015911
0.0340803 7.16322e-05
0.0345621 2.6011e-05
0.0347535 7.93866e-06
0.0348087 2.73524e-06
0.0348377 0
0.0348377 0
0.0348667 2.73524e-06
0.0351428 2.87525e-05
0.0365313 0.000158877
0.0396737 0.000450587
0.0457939 0.00101488
0.0581653 0.00215604
0.0730339 0.00354202
0.0819137 0.00443748
0.0876746 0.00517903
0.0918521 0.00597631
0.0945949 0.0067452
0.0951515 0.00692777
0.0954757 0.00703423
0.0957398 0.00711728
0.0959482 0.00717576
0.0961457 0.00721929
0.0963041 0.00724313
0.0964519 0.00725533
0.0967474 0.0072476
0.0970601 0.00719269
0.0974068 0.00708063
0.0978111 0.00688663
0.0982653 0.00659355
0.0988538 0.0061193
0.0994674 0.00556227
0.100126 0.00494315
0.100881 0.00423779
0.101687 0.00350492
0.10273 0.00259731
0.104235 0.00137332
0.105267 0.000585871
0.105689 0.000274509
0.105959 7.78299e-05
0.106051 1.19307e-05
0.106065 1.63393e-06
0.106067 0
0.106067 0
0.106069 1.63393e-06
0.106141 5.31176e-05
0.106501 0.000310549
0.107411 0.000946144
0.109178 0.00213729
0.112754 0.00445161
0.119041 0.00845401
0.125473 0.0125778
0.126129 0.0129998

0.001 0.002865
0.00150001 0.00286499
0.00365008 0.00286455
0.00959995 0.00284644
0.0135243 0.0027389
0.0153298 0.00257757
0.0170369 0.00231311
0.0187327 0.00198168
0.0208579 0.00159401
0.0242964 0.00110353
0.0289192 0.000580083
0.0326551 0.000203788
0.0344431 3.07575e-05
0.0346885 7.22818e-06
0.0347269 3.55178e-06
0.034764 0
0.034764 0
0.0348011 3.55178e-06
0.0349933 2.19339e-05
0.0359579 0.000113859
0.0379561 0.000302819
0.0422162 0.000702387
0.0495253 0.00138584
0.0609953 0.00246064
0.0734868 0.00364543
0.0823429 0.00455915
0.0878668 0.00529331
0.0920812 0.00612932
0.0937919 0.00660332
0.0950272 0.00700835
0.095398 0.00713676
0.0957591 0.00725829
0.0960693 0.00734505
0.0962506 0.00737829
0.0964643 0.00739323
0.0967585 0.00735214
0.0970369 0.00724057
0.0973091 0.00706734
0.0976852 0.00672662
0.0980532 0.00628497
0.0985436 0.00556541
0.0991922 0.00448955
0.0998923 0.00328176
0.101144 0.0011853
0.10162 0.000436338
0.101811 0.000144584
0.101861 6.94103e-05
0.101892 2.24254e-05
0.101902 7.74249e-06
0.101905 3.15409e-06
0.101907 0
0.101907 0
0.10191 3.15409e-06
0.101925 2.60961e-05
0.102002 0.000140804
0.102396 0.000714084
0.103214 0.00183106
0.104521 0.00343573
0.106387 0.00546826
0.109296 0.00838172
0.113011 0.0120766
0.113922 0.0129992

0.001 0.002895
0.0015 0.00289499
0.00365277 0.00289454
0.00959472 0.0028764
0.0134935 0.00277015
0.0152986 0.00260954
0.0171882 0.00230994
0.0196264 0.0018294
0.02288 0.00130339
0.0272039 0.0007725
0.0331976 0.000153541
0.0341945 5.62817e-05
0.0346891 8.36336e-06
0.0347385 3.58353e-06
0.0347756 4.23516e-22
0.0347756 4.23516e-22
0.0348127 3.58353e-06
0.0350601 2.74829e-05
0.0363038 0.000147009
0.0389609 0.000400119
0.0463862 0.00110186
0.057824 0.00218309
0.0725394 0.00358756
0.0815344 0.00451038
0.0873045 0.00525502
0.0917631 0.0061094
0.0936943 0.00663804
0.0947071 0.00696967
0.0952825 0.00717304
0.0955718 0.00727622
0.0958125 0.00735881
0.0960505 0.00742936
0.096249 0.00746995
0.0965271 0.00747524
0.0967353 0.0074011
0.0969457 0.00723922
0.0971476 0.00700163
0.0973601 0.00665525
0.0976147 0.00609103
0.0978821 0.00530389
0.0981911 0.00413469
0.0985859 0.00222096
0.098846 0.000683399
0.0989278 0.00015509
0.0989499 8.80783e-06
0.0989508 3.09341e-06
0.0989512 0
0.0989512 0
0.0989517 3.09341e-06
0.098956 3.16654e-05
0.0989774 0.000174516
0.0990817 0.000887547
0.0992648 0.00216276
0.099525 0.00382828
0.10005 0.00598153
0.100763 0.00737694
0.101965 0.00875359
0.103643 0.0102871
0.106197 0.0126577
0.106544 0.0129999

0.001 0.002925
0.0015 0.00292499
0.00365549 0.00292454
0.00958999 0.00290637
0.0134651 0.00280126
0.0152672 0.00264149
0.0174435 0.00228496
0.0196275 0.00184771
0.0224534 0.00137624
0.026551 0.000851376
0.0321664 0.000252687
0.0339515 7.48704e-05
0.0344328 2.74824e-05
0.0345793 1.30992e-05
0.0346709 4.10976e-06
0.0347128 0
0.0347128 0
0.0347548 4.10976e-06
0.0352139 4.90579e-05
0.0375298 0.000273971
0.0417176 0.000676544
0.0487493 0.00134994
0.0598144 0.00241154
0.0731555 0.0037057
0.082035 0.00463826
0.0877019 0.0053988
0.0921351 0.00629713
0.0937307 0.0067545
0.0950543 0.00721147
0.095406 0.0073438
0.0956829 0.00744999
0.0959211 0.00753888
0.0959996 0.0075656

0.001 0.002955
0.0015 0.00295499
0.00365823 0.00295454
0.00958575 0.00293633
0.0134396 0.00283219
0.0152578 0.00267078
0.0174197 0.00231376
0.0196306 0.00186546
0.0225025 0.00138148
0.026718 0.000837882
0.0326223 0.000204691
0.0344638 1.98717e-05
0.0345836 7.96694e-06
0.0346584 5.26532e-07
0.0346637 0
0.0346637 0
0.034669 5.26532e-07
0.0350441 3.77291e-05
0.036226 0.000154372
0.0384308 0.00037022
0.0431263 0.000826438
0.0513486 0.00162377
0.063444 0.00280008
0.0746146 0.00390381
0.0832303 0.00484429
0.0883985 0.00558746
0.0921642 0.00638782
0.0935625 0.00679152
0.0947582 0.0072027
0.0952284 0.00738285
0.0955079 0.00749533
0.0957538 0.00759844
0.0959986 0.00769805
0.0959991 0.0076982

0.001 0.002985
0.0015 0.00298499
0.003661 0.00298454
0.009582 0.00296628
0.013417 0.00286297
0.015267 0.00269782
0.0175132 0.00231905
0.0195593 0.00189829
0.02236 0.00141631
0.0265721 0.000862522
0.0320808 0.000260816
0.0338359 8.15626e-05
0.0343638 2.82883e-05
0.0345611 8.43304e-06
0.0346229 2.22833e-06
0.0346451 0
0.0346451 0
0.0346672 2.22833e-06
0.0349764 3.32522e-05
0.0359778 0.000133319
0.0380691 0.000340647
0.0432883 0.000853701
0.0531111 0.0018174
0.0656964 0.00305677
0.0760058 0.00409435
0.0841112 0.00501374
0.089045 0.00577025
0.0927243 0.00661909
0.0941749 0.00708113
0.0948577 0.00733435
0.0953274 0.00752465
0.0957255 0.00770188
0.0959258 0.00779419
0.095999 0.00782669

